id,first_name,last_name,email,gender,adress,previous_Company,pay_per_hour
52-822-0508,Izaak,,istag0@deliciousdays.com,Male,12th Floor,Oyoba,$46.12
78-152-5454,Victoir,Beek,vbeek1@smugmug.com,,,Buzzdog,$101.63
88-827-4028,Roobbie,Van Halle,,,,Thoughtmix,$21.14
27-858-0091,Sibeal,,slaxon3@loc.gov,Female,Room 405,Skimia,$111.64
88-272-4425,Koenraad,Brilleman,kbrilleman4@tumblr.com,,,Twinte,$145.04
57-449-3992,Perceval,Norris,,Male,,Vitz,$105.47
50-121-2150,Luciano,Clayton,lclayton6@hp.com,Male,,Skyndu,$155.25
63-487-4186,Felipa,Steward,fsteward7@google.it,Female,,Quinu,$86.73
01-794-8290,Jonah,,jgoldberg8@dagondesign.com,Male,,Meezzy,$91.46
63-316-4239,Carlee,Oakman,,Female,PO Box 54634,Miboo,
32-099-5331,Barnett,Barukh,bbarukha@dell.com,Male,,Zoovu,$107.93
94-920-9448,Josias,Terbrugge,jterbruggeb@unc.edu,Male,,Zoombox,$142.72
41-089-3326,Gustavo,,,Male,,Skinix,$34.62
89-440-1081,Dani,Chaffer,dchafferd@wikimedia.org,Male,20th Floor,Rhyzio,$74.36
02-680-8801,Eda,Tender,etendere@wufoo.com,Female,,Livetube,$141.94
38-981-6632,Illa,Waplinton,iwaplintonf@nhs.uk,Genderqueer,Apt 603,Flipbug,$109.24
40-072-6974,Whit,Pack,,Male,Apt 801,Zoovu,$20.99
87-590-4925,Ingrid,Worshall,iworshallh@youtu.be,,Suite 35,Kamba,$60.14
85-892-1764,Deva,Casado,dcasadoi@theguardian.com,Female,Room 396,Wikizz,$199.50
70-331-3460,Ivan,Draijer,idraijerj@howstuffworks.com,Male,,Avavee,$104.39
42-757-0288,Meridith,Bee,mbeek@tinypic.com,,PO Box 25543,Zoovu,$188.32
00-742-8916,Franklin,Yarnall,fyarnalll@elegantthemes.com,Male,,Kamba,$69.11
99-925-4113,Lindy,Jacobsz,,,,Skibox,$33.08
33-066-2021,Noel,Kubis,nkubisn@spotify.com,Male,Suite 97,DabZ,$177.97
20-856-8176,Deerdre,,dratkeo@eventbrite.com,Female,Room 1730,Dabvine,$167.57
36-422-6171,Dorris,Heinsen,dheinsenp@hao123.com,Female,Room 609,,$184.68
06-421-1368,Brandyn,Pigeon,bpigeonq@webmd.com,Genderfluid,14th Floor,Yakitri,$91.12
92-613-1673,Nicolis,Burchnall,nburchnallr@wordpress.com,Male,,Ozu,$30.12
67-650-7667,Cirstoforo,Kirmond,ckirmonds@who.int,Male,Room 711,Skajo,$168.87
16-367-8398,Bernita,Calow,bcalowt@utexas.edu,,PO Box 4121,Wordtune,
70-021-2607,Hulda,Schustl,hschustlu@behance.net,Female,6th Floor,Twimbo,$83.12
57-118-0802,Michaelina,Birdfield,mbirdfieldv@discuz.net,Female,,Dabshots,$198.28
22-771-8605,Julianne,Rogers,jrogersw@wunderground.com,Female,Apt 621,,$62.42
56-299-4113,Una,,,Female,,,$81.49
96-785-5154,Jerad,Hayley,jhayleyy@unc.edu,,,Fiveclub,
60-658-1121,Rosalie,Grundle,rgrundlez@oakley.com,Female,Room 695,Digitube,$47.85
62-346-6783,Rhys,Ortelt,rortelt10@qq.com,Male,,Trilia,
35-226-2232,Jeanette,Grigorkin,,,10th Floor,Myworks,$106.03
19-311-4902,,Loynes,aloynes12@dion.ne.jp,,16th Floor,Mycat,$50.28
75-160-6455,Alick,Conley,,Male,,Midel,$197.19
29-461-7168,Cordelie,,charsent14@cdc.gov,,,,$110.63
65-461-9995,Arlana,Delamere,adelamere15@booking.com,Female,,Roomm,$191.95
00-950-4738,Marlo,Rettie,mrettie16@lycos.com,Female,,Kare,$62.07
89-487-5931,Pepi,Arnold,parnold17@chicagotribune.com,Female,,Vipe,$117.01
39-579-4537,Godfree,,gstailey18@altervista.org,Male,Apt 1659,Muxo,$170.62
33-826-7163,Sergent,Bakster,sbakster19@symantec.com,Male,Room 911,Rhynyx,$114.66
81-405-0331,Flint,,fcamplejohn1a@live.com,Male,Suite 38,Topicstorm,$63.83
24-389-3418,Cassondra,Brettor,,Female,15th Floor,Lajo,$67.34
21-530-7226,Lorne,Parbrook,lparbrook1c@g.co,Non-binary,,Twiyo,
20-565-0357,Myrtle,Ruperto,mruperto1d@engadget.com,Female,,,$197.34
75-284-8146,Hubey,Fawbert,hfawbert1e@bloglovin.com,Male,PO Box 36301,Rooxo,$39.66
58-647-3636,Bennett,Thalmann,bthalmann1f@oakley.com,Male,5th Floor,Brainlounge,$60.52
47-404-8087,Lidia,Lodovichi,llodovichi1g@w3.org,Female,Room 483,Eabox,$108.78
05-014-3508,Lib,,lferry1h@bing.com,,Suite 63,Leenti,$92.49
00-600-5666,Corine,,cbagot1i@cloudflare.com,Female,Apt 1127,,$91.74
33-407-0818,Jandy,Geaveny,jgeaveny1j@forbes.com,,,Linkbuzz,
71-783-8484,Karlyn,Bresland,,Female,,Talane,$22.14
48-591-0670,Arley,Craig,acraig1l@nsw.gov.au,Male,7th Floor,Edgepulse,$81.98
99-681-4880,Orland,Arkell,oarkell1m@comsenz.com,Male,,Oyondu,$180.57
95-786-5798,Verine,Levey,vlevey1n@phpbb.com,Polygender,,Oyope,$191.45
36-648-8883,Ingelbert,Alflat,ialflat1o@cyberchimps.com,Male,,Realmix,$98.43
77-528-2096,Rosita,Gregol,rgregol1p@deviantart.com,,,Innotype,
50-609-9955,Timoteo,,tfewtrell1q@newsvine.com,,Room 219,Oodoo,
34-487-4221,Van,Timbridge,vtimbridge1r@latimes.com,,,Feedbug,$42.66
48-233-4245,Pearla,Doorbar,pdoorbar1s@1und1.de,Female,,Wordpedia,$69.39
81-124-4094,Henrieta,Danielut,hdanielut1t@shutterfly.com,Female,Apt 1721,Voomm,
39-914-9276,Edi,Povlsen,,,,Meedoo,$159.53
00-472-4133,Kettie,Moukes,kmoukes1v@ebay.com,Female,,Reallinks,
19-785-0958,Burnaby,Wildin,bwildin1w@canalblog.com,Male,Apt 131,Mynte,$75.82
39-984-5590,Clarisse,,cprestner1x@statcounter.com,,,Skaboo,$81.93
78-964-6602,,Torre,ktorre1y@last.fm,Male,,Mydeo,$42.32
44-475-6638,Lianne,,loldall1z@xing.com,Female,Room 31,Jayo,$82.30
77-961-7769,Robyn,Kinlock,,Female,6th Floor,Gabtype,$130.71
82-942-6077,Vincents,Rapsey,vrapsey21@opensource.org,Bigender,Suite 82,,$50.28
89-289-4686,Gianna,Sangster,gsangster22@theglobeandmail.com,,,Zooveo,$71.50
23-782-7972,Rutledge,Birrane,,,Room 6,,$132.92
68-313-0124,Orran,Vogelein,ovogelein24@google.de,Male,Room 543,Jatri,$75.84
19-021-2325,Marris,Pickworth,mpickworth25@godaddy.com,Non-binary,Room 241,Riffpath,$20.83
98-676-5886,Dyane,Bassill,dbassill26@drupal.org,Female,Suite 36,Realblab,$37.19
69-790-7232,Gusella,Gresser,ggresser27@nydailynews.com,Female,Suite 31,Jabbertype,$198.02
91-423-5847,Dorey,Tumasian,dtumasian28@weebly.com,Female,Apt 1864,Jazzy,$65.79
86-809-7678,Ettore,,estallybrass29@seesaa.net,,,Innojam,$97.26
78-864-0260,Eduino,Hugonin,,Male,PO Box 60472,Skilith,$76.65
24-160-3925,Raynor,,rgrassin2b@woothemes.com,,Suite 4,Lazzy,$104.05
16-156-4784,Vanda,Rudram,vrudram2c@youku.com,Female,1st Floor,Kare,$177.92
00-171-1876,Granger,Giovannazzi,,Male,PO Box 638,Avaveo,$116.63
14-038-6229,Thornton,Jirzik,tjirzik2e@comsenz.com,,Suite 22,Skinder,$122.51
30-320-6854,Franklin,Orgill,,Male,5th Floor,Yata,$67.89
55-660-7187,Jerry,Glowacha,,,PO Box 94602,Realbuzz,$118.65
83-759-9792,,Lamberto,glamberto2h@51.la,Female,Apt 647,Realcube,$25.47
36-139-8405,Mallory,Plaskitt,mplaskitt2i@tinypic.com,,,Brightdog,$46.38
00-332-3384,Meagan,Seys,mseys2j@tamu.edu,Female,,Jaxbean,$158.51
93-420-2901,,Dexter,kdexter2k@umich.edu,Female,,Zoomdog,$171.67
42-965-6952,Nancee,Nortunen,nnortunen2l@dyndns.org,Female,Room 1935,Kimia,$93.59
21-491-9457,Wallas,Waterland,wwaterland2m@bloomberg.com,Male,PO Box 21872,Pixope,$118.69
77-713-0869,Thadeus,Elleyne,telleyne2n@linkedin.com,,PO Box 63370,Eayo,$156.57
43-635-4544,Guthrie,Digby,gdigby2o@eventbrite.com,,16th Floor,Buzzbean,$152.00
01-742-5282,Cate,Calkin,ccalkin2p@wunderground.com,,,Meedoo,$54.69
82-372-7211,Cosetta,Callington,ccallington2q@edublogs.org,,PO Box 13348,Innojam,$29.68
41-165-2179,Leila,,lfullagar2r@aboutads.info,Bigender,,Pixonyx,$40.61
27-079-4618,Rosene,Ast,rast2s@last.fm,Female,,,$176.96
89-422-9847,Shara,Tzarkov,stzarkov2t@gov.uk,Non-binary,Apt 1946,Jaxbean,$57.18
03-783-7965,Benny,Klimus,bklimus2u@acquirethisname.com,Genderqueer,,Bluejam,$33.77
62-822-7366,Cornelia,Camacho,ccamacho2v@wunderground.com,,,Janyx,$125.99
20-517-8278,Putnam,Kochel,pkochel2w@nifty.com,Male,,Youopia,$183.92
23-595-3162,Cam,Leatt,,Male,,,$191.96
75-799-5865,Julius,Logg,jlogg2y@icio.us,Male,,Chatterpoint,$37.45
84-049-0988,Sena,Battle,sbattle2z@columbia.edu,Female,,Avamba,$196.94
52-193-4334,Ardella,Domsalla,adomsalla30@people.com.cn,Female,PO Box 66361,,$120.02
63-158-8078,Pegeen,Cusworth,pcusworth31@jiathis.com,Female,Suite 2,Chatterpoint,$92.50
88-338-6878,Teddi,Dive,tdive32@mail.ru,Female,,Jayo,$170.04
54-667-7525,Faun,MacAdam,fmacadam33@pinterest.com,Female,Suite 89,Tazz,$170.61
40-541-6874,Bidget,Mollon,bmollon34@answers.com,Female,,Yakijo,$195.58
60-723-6662,,Clyne,aclyne35@nymag.com,Male,Room 1359,Gabspot,$194.59
92-690-5063,Yasmeen,Gladhill,ygladhill36@furl.net,Female,,Myworks,$187.25
54-740-3337,Avrom,Sackes,asackes37@ow.ly,,Apt 1945,Quatz,$65.13
24-047-1357,Dominik,Gayter,dgayter38@virginia.edu,Male,Room 396,Voomm,$192.38
50-125-2687,Rowena,Lyddiatt,rlyddiatt39@abc.net.au,Female,Room 1058,,$161.38
63-320-2450,Welsh,Isselee,,Male,Apt 1234,Zazio,$160.04
99-059-8200,Jaimie,Palombi,jpalombi3b@businesswire.com,Male,,Flashset,$73.87
55-078-1228,Chaddy,Moughton,cmoughton3c@amazon.com,Male,Room 1261,Tekfly,$192.32
27-717-1016,Bogart,Rowbottom,browbottom3d@eepurl.com,Male,,Katz,$138.50
53-590-8751,Alick,Verling,averling3e@people.com.cn,Male,,Eayo,$108.38
99-550-7289,Berny,MacAscaidh,bmacascaidh3f@tmall.com,,Apt 590,Avamm,$180.93
55-326-1563,,Phillins,cphillins3g@abc.net.au,Male,Apt 1717,Skalith,
64-683-3218,Corette,Ramsted,cramsted3h@nih.gov,Female,18th Floor,Zoomcast,$160.47
75-728-9247,Ronny,Simpkins,rsimpkins3i@ebay.com,Female,Room 597,Camido,$115.15
58-404-5027,Merrili,Deverose,mdeverose3j@yahoo.co.jp,Female,,Realmix,$102.02
32-984-2146,Culley,Hannent,channent3k@imageshack.us,,,Brightbean,$84.17
58-606-5061,Athena,,akoba3l@google.co.jp,,,Omba,$68.82
32-619-2724,Aubrie,Lamcken,alamcken3m@ask.com,Female,,Viva,$41.41
82-177-1961,Orv,McMorran,omcmorran3n@infoseek.co.jp,Male,,Dabfeed,$128.90
97-124-6667,Bambie,Puckham,bpuckham3o@yahoo.co.jp,Female,Room 858,Dazzlesphere,$27.85
08-232-3089,Cecile,Raccio,craccio3p@fastcompany.com,,2nd Floor,Quinu,$187.29
05-538-7299,Pacorro,,phutsby3q@t.co,Male,PO Box 89420,Realmix,$53.28
61-442-6122,Sebastien,Kilborn,skilborn3r@booking.com,Male,,Twitternation,$147.26
20-244-9784,Electra,Overall,eoverall3s@livejournal.com,Female,,Roomm,$52.28
45-974-9072,Lorry,Maffioni,lmaffioni3t@unblog.fr,Female,,Fivebridge,
82-638-6126,Leo,,lfiggess3u@linkedin.com,Male,,,$63.40
20-331-8646,Rik,Tulley,rtulley3v@naver.com,Male,,Npath,$187.19
79-538-7008,Dud,Hasney,,Non-binary,,Feedfire,$181.28
96-109-9372,Tessy,Tringham,ttringham3x@walmart.com,,Suite 85,Snaptags,$125.42
71-993-9358,Herschel,Rickets,hrickets3y@cnn.com,Male,,Riffwire,$104.62
22-434-6156,Marthena,Kiledal,mkiledal3z@wiley.com,Genderfluid,Room 1653,Mita,$48.05
14-814-6558,Janene,Thring,jthring40@ask.com,Female,Suite 34,Linklinks,$176.70
46-796-2903,Cordie,Latan,clatan41@who.int,Male,,Flashspan,$143.22
74-790-6503,Ramona,Fidoe,rfidoe42@slideshare.net,Female,,Tekfly,$22.08
60-625-8964,Vivien,Knapper,vknapper43@i2i.jp,Female,14th Floor,Yakijo,$170.33
51-447-4562,Peri,Cleminson,pcleminson44@bing.com,Female,Room 1756,Voomm,$124.35
05-669-1687,Chelsey,Bartlomiej,,Female,,Twitterwire,$107.07
86-710-7756,Bryant,Tomczynski,btomczynski46@yellowbook.com,Male,,Skiba,$139.99
34-520-8914,Bartolomeo,Versey,bversey47@cam.ac.uk,Male,,Skaboo,$99.40
35-167-1454,Curtis,Cleef,ccleef48@washington.edu,Male,,Browsetype,$44.52
07-815-0270,Gayle,Carren,gcarren49@so-net.ne.jp,Male,,Divavu,$109.66
10-459-3895,Paddy,Posner,pposner4a@woothemes.com,Male,,Fadeo,$91.43
82-616-4366,Bret,Calderwood,bcalderwood4b@fastcompany.com,Male,,,$152.96
67-896-2438,Pepi,Primarolo,pprimarolo4c@printfriendly.com,Female,Apt 2,Twimbo,$65.97
72-841-6286,Rebekah,Ramsier,rramsier4d@quantcast.com,Female,2nd Floor,Kwinu,$131.07
50-710-4593,Sergent,McGurgan,smcgurgan4e@statcounter.com,Male,,,$151.64
90-331-1008,Almire,Stuchbury,astuchbury4f@comcast.net,Female,,Skinte,$89.87
86-300-1333,Eada,Paladini,,Female,,Skiptube,$115.68
57-375-4161,,Critchell,,Male,,Twitterworks,$80.45
64-465-5701,Gerti,Brattan,gbrattan4i@huffingtonpost.com,Female,19th Floor,Avaveo,$49.97
71-427-0602,Sephira,Eisikovitsh,seisikovitsh4j@webmd.com,Female,PO Box 61438,Divanoodle,$155.15
08-256-4025,Norrie,,nschrir4k@cornell.edu,Male,Apt 297,Topiczoom,$125.37
00-143-2791,Norman,Skeldinge,nskeldinge4l@yelp.com,Male,PO Box 89188,Voomm,$139.39
02-825-7646,Gertrud,Deviney,gdeviney4m@technorati.com,,,Brightbean,$61.78
48-650-9604,Horten,Orpen,horpen4n@aol.com,Male,PO Box 44507,DabZ,$99.93
09-797-2999,Willard,Leathart,wleathart4o@elegantthemes.com,Male,Suite 34,Thoughtworks,$179.68
62-843-1217,Joan,Gerkens,jgerkens4p@google.cn,Female,Apt 1002,Brightbean,$149.93
79-118-6136,,Beine,tbeine4q@networkadvertising.org,Male,Apt 697,Flipstorm,$62.48
00-626-8344,Leah,,ldelmonte4r@ftc.gov,,Suite 77,Twimbo,$137.06
36-317-4642,Nickie,,nwyld4s@earthlink.net,Male,,Devpoint,$171.79
90-488-8753,Stevena,,skarlmann4t@friendfeed.com,Female,,Zoovu,$32.57
54-205-6179,Yurik,Jerok,yjerok4u@gmpg.org,Male,Apt 1218,Photobug,$141.26
11-107-3665,Ferdinanda,Inderwick,,Female,PO Box 76176,Ntags,$80.18
42-059-5995,Randolph,Klewer,rklewer4w@tripod.com,Male,,Oba,$136.98
93-967-5362,,Stribling,jstribling4x@biglobe.ne.jp,Female,Apt 54,Brightdog,$90.18
56-857-6859,Myrtie,Georgot,mgeorgot4y@rediff.com,Female,,Bubbletube,$94.25
68-918-7438,Zeb,Denniss,zdenniss4z@cyberchimps.com,Male,,Divavu,$139.80
61-066-2552,Peirce,Simkovitz,psimkovitz50@samsung.com,Male,,Kimia,$152.45
84-047-1392,Raquela,Egan,,Genderqueer,,Tagfeed,$49.82
71-404-9220,Erich,Kingswold,ekingswold52@delicious.com,Male,PO Box 83710,Brightdog,$121.05
73-395-5539,,Bunnell,abunnell53@hatena.ne.jp,Non-binary,4th Floor,Kaymbo,$90.06
34-397-1013,Teddie,,,Female,,Mymm,$81.89
85-203-1003,Delbert,,dwellard55@sciencedirect.com,Male,,Meezzy,$27.42
88-400-2870,Bernie,Gainor,bgainor56@comsenz.com,Male,,Oyondu,$134.25
04-454-0145,Benji,Bowsher,bbowsher57@sciencedirect.com,Male,Apt 1712,Twitterbeat,$50.32
34-417-1932,Worthington,Bricham,wbricham58@parallels.com,Male,,,$195.61
34-378-1606,Claudius,Fulkes,cfulkes59@amazon.co.uk,Non-binary,,Dabshots,$102.82
23-444-7355,Tomas,Holdron,tholdron5a@pbs.org,Male,,Linktype,$187.01
02-128-5769,,Olland,rolland5b@51.la,,Apt 271,Youbridge,$127.33
95-323-3315,Ashley,Paur,apaur5c@ucoz.com,Female,PO Box 3086,,$80.83
16-667-0227,Kaela,Clowsley,kclowsley5d@java.com,Non-binary,Apt 695,Jamia,$188.75
47-901-6496,Sly,Viger,sviger5e@sphinn.com,,,,$158.13
30-447-5567,Kaine,Matuszinski,kmatuszinski5f@meetup.com,Polygender,,,
22-413-9265,Noah,Keme,nkeme5g@princeton.edu,Male,PO Box 11585,Voonte,$178.11
95-609-0262,Shelden,Oliva,soliva5h@wp.com,Male,Apt 494,Jaloo,$24.72
75-105-4885,Dorthy,Morrott,dmorrott5i@miitbeian.gov.cn,Female,,Centizu,
96-692-8993,Marquita,Elvy,,Female,13th Floor,Flipbug,$81.51
81-055-5790,Laverna,Disbrey,ldisbrey5k@nps.gov,,Room 1961,Divanoodle,$195.94
31-081-1698,Kelby,Daintith,kdaintith5l@facebook.com,Male,Suite 25,Eadel,$101.41
58-434-9137,Holli,Kimble,hkimble5m@dmoz.org,Female,,Jayo,$108.96
19-218-7803,Kincaid,Shanley,,Male,Apt 1216,Babbleblab,$74.47
09-104-5718,Hadley,,haspital5o@ihg.com,Agender,,Tazzy,$72.19
44-972-3008,Debora,,dkeetley5p@loc.gov,Female,Suite 3,Riffpedia,$136.79
06-656-5346,Jedidiah,Blasio,jblasio5q@shareasale.com,Male,,Vidoo,$87.92
73-375-0989,Sheridan,Stride,sstride5r@newyorker.com,,,,$169.10
06-870-3131,Annadiane,Slixby,aslixby5s@zdnet.com,Female,Suite 1,Demivee,$100.11
24-342-0713,Drona,Glenn,dglenn5t@fastcompany.com,Female,Room 1240,Jazzy,$194.66
70-423-7064,Edvard,Shearsby,eshearsby5u@free.fr,Male,,Jabberbean,$33.50
44-843-4146,Alister,,astockman5v@hhs.gov,Male,,Jetpulse,$144.93
21-577-3396,Arleen,Turone,,Female,Room 1411,Agimba,$68.09
26-219-8335,,Wyldish,awyldish5x@bloglines.com,Male,,Eadel,$81.88
84-413-8229,Tammy,Duffield,tduffield5y@addthis.com,Male,,,$85.95
85-311-0465,,Pendleberry,hpendleberry5z@people.com.cn,Female,Room 213,Ntags,$24.29
21-201-3017,Claudette,,cbaile60@nps.gov,Female,19th Floor,Babbleopia,$66.97
60-790-4577,,Littlemore,hlittlemore61@hao123.com,Female,,Browseblab,$31.55
36-776-7184,Mirabel,Hansford,mhansford62@freewebs.com,Female,Apt 87,Trilia,$104.89
83-615-9879,Ripley,Sutherington,,Male,Room 1656,Zooxo,$85.63
12-326-0644,Bay,Burgot,bburgot64@craigslist.org,Male,Apt 1799,Centimia,$88.61
89-321-7754,Janek,Dashper,jdashper65@geocities.com,,Suite 24,Eamia,$80.86
54-070-4446,Terese,Waymont,twaymont66@stanford.edu,,Room 879,Riffpedia,$88.12
00-179-7696,Joanne,Gini,jgini67@skyrock.com,Female,19th Floor,Innojam,$189.90
41-949-0614,Tory,Leverette,tleverette68@bandcamp.com,Female,,Photojam,$181.70
54-849-2005,,,gmenary69@cam.ac.uk,Female,,Edgeify,$78.08
88-851-3374,Gwenette,McKall,gmckall6a@uol.com.br,,Room 1227,Oozz,$59.36
04-186-0400,Emmy,Johansen,ejohansen6b@skype.com,,Suite 75,Devpoint,$108.12
92-431-0832,Leontine,,lwigfield6c@sun.com,,Suite 50,Meezzy,$23.52
09-242-1871,Keith,Doncaster,kdoncaster6d@stumbleupon.com,,PO Box 94262,Edgewire,$154.22
39-764-0135,Lee,Drees,,Non-binary,,Divavu,$21.94
98-527-1037,Cameron,Cesconi,,Male,,Tagopia,$117.68
22-072-4847,Rutherford,Scrimgeour,rscrimgeour6g@stanford.edu,Genderqueer,,Mybuzz,
62-139-4575,Shea,Mountain,smountain6h@skype.com,Female,,Youopia,$34.08
53-127-9502,Luis,,lmaccraw6i@cyberchimps.com,Male,PO Box 15015,Tavu,
34-729-9766,Debbie,Acarson,,Female,3rd Floor,,$59.95
79-711-4398,Ber,Thynne,,Male,Room 335,Kazu,$150.17
28-667-3046,Jude,Baines,jbaines6l@usnews.com,Male,PO Box 76186,,$50.53
88-968-5632,Iago,Pechet,ipechet6m@hp.com,,PO Box 10005,Linklinks,$70.97
33-646-9004,Sybila,McElhinney,smcelhinney6n@ask.com,Female,Apt 1202,Tagcat,$59.97
79-565-7720,Flossi,Moorrud,fmoorrud6o@over-blog.com,Female,Room 1677,Oloo,$164.78
33-399-6752,Gena,Carrabott,gcarrabott6p@google.cn,,14th Floor,Dynabox,$33.94
78-705-3046,Alley,Simon,asimon6q@toplist.cz,,Room 1112,Flashset,$159.58
11-063-9920,Mandie,,mstickney6r@dropbox.com,Female,Suite 87,Kwilith,
00-576-8441,,McCauley,smccauley6s@jugem.jp,Male,Room 1040,Livefish,$48.03
15-880-4674,Conny,Scurrer,cscurrer6t@hao123.com,,,Talane,$172.61
86-006-7080,Gianina,Simeons,gsimeons6u@bluehost.com,Female,,Skinix,$69.07
24-308-7163,Sherwood,Dungee,sdungee6v@desdev.cn,Male,,Eire,$88.26
07-142-2674,Sharlene,Cooksey,scooksey6w@ask.com,Female,PO Box 82634,Dabvine,$79.09
77-259-9635,Ellery,Cave,,Male,Suite 73,Camimbo,$118.32
19-022-5947,Skell,Wedderburn,,Male,,Topiczoom,$21.35
57-399-3514,Randell,Philipeau,rphilipeau6z@whitehouse.gov,Male,Apt 1115,Youbridge,$90.62
30-750-9828,Fenelia,Dorre,fdorre70@stumbleupon.com,Agender,Apt 27,Miboo,$74.20
62-324-7538,Gigi,Gonnelly,ggonnelly71@wikia.com,Female,Suite 3,Einti,$150.58
00-874-0207,Early,,epriest72@last.fm,Male,Apt 1037,Yombu,$186.60
57-378-3698,Banky,Cesco,bcesco73@wunderground.com,Male,Suite 58,Flashset,$197.18
58-676-1993,Washington,Novill,,Male,Room 1953,,$91.51
64-832-2688,Selby,Halsworth,shalsworth75@artisteer.com,,,,$38.62
78-354-1281,Lorine,Warrener,lwarrener76@usda.gov,Female,PO Box 73704,Feednation,$73.97
46-691-1623,Vite,Woodyeare,vwoodyeare77@wikimedia.org,Male,10th Floor,,$100.30
61-174-6527,Wylma,Hornbuckle,whornbuckle78@flavors.me,Female,2nd Floor,Thoughtmix,$48.07
30-781-9038,Alta,Toseland,atoseland79@google.nl,Female,Apt 1589,Oozz,$21.76
15-865-4232,Thaddeus,Browne,tbrowne7a@pagesperso-orange.fr,Genderqueer,,Rhycero,$84.58
23-039-2854,Verina,Attenborough,vattenborough7b@digg.com,Female,Suite 96,Mycat,$102.43
81-136-6418,Kyle,Axelby,,Female,Room 1741,Katz,$165.10
32-289-1948,Tudor,Hakking,,Male,Suite 63,Photobug,$66.99
48-651-2354,Brok,Swain,bswain7e@sourceforge.net,Male,,Chatterbridge,$57.93
79-581-5669,Shermie,,sivanonko7f@plala.or.jp,Male,,Browsetype,$90.88
97-641-0956,Elspeth,Bolstridge,ebolstridge7g@mysql.com,,,Trunyx,$94.09
48-045-4711,Tanny,McQuillan,tmcquillan7h@wikimedia.org,Male,,Photolist,$163.02
23-034-2349,Wright,Snaden,,Male,Apt 1505,Gabtype,$185.29
91-531-0762,Mortimer,,mbaudino7j@flavors.me,Male,,Jabbertype,$104.07
71-096-5218,Jeannie,Killingback,jkillingback7k@smh.com.au,Polygender,Suite 62,Voonte,$64.07
42-658-3230,Marlin,Crommett,mcrommett7l@blogger.com,Male,Apt 148,Voolith,$135.93
45-541-7777,Tammara,de Guerre,tdeguerre7m@sakura.ne.jp,Female,,Fliptune,$79.79
40-087-8568,Shaina,Pressey,spressey7n@narod.ru,Female,Suite 58,Thoughtblab,
63-636-6637,Nichol,,nlochran7o@deliciousdays.com,Female,,Wordpedia,$87.61
88-290-6835,Borden,Butcher,bbutcher7p@domainmarket.com,Male,Suite 44,Skibox,
28-504-9722,Brent,Cogley,,Male,,Tekfly,$43.87
40-083-2681,Baron,Gresch,,Male,Apt 921,Topdrive,$189.44
76-500-6657,Aurie,Scotchbourouge,ascotchbourouge7s@wsj.com,,Suite 3,Mita,$71.13
20-261-6593,Broderick,Palfrey,,Male,,Yakijo,$137.61
16-100-3997,Michail,Dain,mdain7u@sakura.ne.jp,Male,2nd Floor,Linkbuzz,$45.36
02-823-3900,Carmel,Naulls,cnaulls7v@soundcloud.com,Female,,Mydo,$151.27
35-334-0428,Neddie,Rylett,nrylett7w@house.gov,Male,Room 1552,Topiclounge,$95.99
52-384-7841,Wylie,Matkin,wmatkin7x@amazon.co.jp,Male,9th Floor,Latz,$63.10
35-210-0479,Karyn,Finch,kfinch7y@123-reg.co.uk,Female,Suite 6,Edgepulse,$129.63
09-480-1347,Chelsea,,cbrixham7z@blogger.com,Female,,Aimbu,$79.87
64-905-7676,Durand,,dgirardot80@auda.org.au,Male,,Linklinks,$80.78
23-437-9216,,Gerred,,Female,Room 1609,Yadel,$47.31
83-863-2906,Wilie,Buddles,wbuddles82@tumblr.com,Genderqueer,Apt 776,Skyble,$29.76
35-914-5783,Efren,,efrancioli83@flickr.com,Male,Suite 51,Jabbertype,$59.42
04-667-9330,Tarah,Mirfield,tmirfield84@cargocollective.com,,Room 1655,Gevee,$99.21
55-949-9744,Derward,Rivallant,drivallant85@ftc.gov,Bigender,Apt 956,Flashset,$153.59
46-335-5680,Sarita,Lammers,slammers86@imageshack.us,,,Gabtune,$46.19
50-345-4191,Ellen,Digan,edigan87@businessweek.com,Female,Suite 52,Youbridge,$81.07
87-684-6912,Dallas,McGrane,dmcgrane88@squarespace.com,,,Realfire,$32.02
80-317-5981,Wright,Labdon,wlabdon89@i2i.jp,Male,Room 1885,Trilith,$37.58
56-910-4256,Stafford,,sstedmond8a@delicious.com,Male,Room 705,Tanoodle,$104.65
55-861-0666,Elka,Stearne,,,,Meejo,$192.98
47-487-3899,Adams,Aujouanet,aaujouanet8c@slate.com,Male,,Myworks,$27.79
94-923-0340,Melanie,Ganforth,mganforth8d@nsw.gov.au,Female,Room 1397,Dabshots,$127.03
40-151-5217,Velvet,Ashfull,vashfull8e@unc.edu,Female,,Eadel,$198.89
95-881-2999,Lurline,Wort,lwort8f@youtube.com,Polygender,Apt 1214,BlogXS,$85.46
54-102-5627,Hunfredo,O'Gorman,hogorman8g@icio.us,Male,,Eazzy,$30.68
24-398-3535,Phoebe,Askam,paskam8h@smugmug.com,Female,PO Box 25164,,$78.01
60-389-8754,Nero,Lindfors,nlindfors8i@list-manage.com,Male,Suite 72,Minyx,$109.88
53-799-7134,Gaile,Hannigan,ghannigan8j@globo.com,Non-binary,Suite 61,Tagopia,$116.51
56-443-9446,Ozzie,Rosingdall,orosingdall8k@samsung.com,Male,Room 1975,Quimm,$46.38
37-064-3159,Theodoric,Sherlaw,tsherlaw8l@plala.or.jp,,PO Box 60487,Voonte,$115.65
43-785-8806,,Seawright,,Female,Suite 44,Gigashots,$191.64
34-194-9408,Rosalinde,,rkleine8n@vkontakte.ru,Female,Room 1778,Dabjam,$111.99
08-018-8899,Ceil,Cove,,,Room 1300,,$133.62
52-430-6471,Holli,,hmuslim8p@opensource.org,,PO Box 74906,Oyoyo,$101.84
66-790-7180,Torry,Bannon,,,,Trudoo,
54-251-3602,Milli,Adney,madney8r@amazonaws.com,Female,,Meejo,$122.64
15-243-4986,Darrel,Wesley,dwesley8s@prlog.org,Male,13th Floor,Kazio,$117.14
86-570-6102,Rafe,de Villier,rdevillier8t@marketwatch.com,Male,,Youbridge,$62.18
21-028-3824,Emilia,Martschik,emartschik8u@apache.org,Female,Room 1236,Cogibox,$60.87
38-919-5815,Chicky,Lichfield,clichfield8v@123-reg.co.uk,Female,Room 1013,Myworks,$172.05
71-998-5509,Zeke,Denk,zdenk8w@instagram.com,,,Aimbu,$77.39
25-915-6286,Rozanna,Raiston,rraiston8x@yellowpages.com,Female,Room 726,Photobean,$188.22
25-941-2958,Arnaldo,Dahlbom,adahlbom8y@bloomberg.com,Male,,Mymm,$64.85
62-209-1893,Dukie,Scottesmoor,,Male,,Reallinks,$176.62
12-923-9452,Alair,Olyfant,aolyfant90@weather.com,Male,Room 1408,Trunyx,$179.29
74-817-5395,Nadean,Neiland,nneiland91@sciencedirect.com,Female,11th Floor,Mynte,$193.51
57-906-5792,Audi,Kharchinski,akharchinski92@whitehouse.gov,Female,Apt 1141,,$183.95
19-941-9972,Drusy,Beckers,dbeckers93@shop-pro.jp,Female,,Mydo,$65.69
13-828-4079,Shannen,Baglin,,Female,,Skipstorm,$178.94
45-797-0058,Dodie,Burmaster,dburmaster95@nba.com,Female,,Zoonoodle,$169.86
94-098-5195,Violette,Candie,vcandie96@nps.gov,Female,Suite 1,Avamba,$157.88
01-644-2270,,,blitherborough97@google.co.jp,,Apt 773,Browsetype,$82.89
07-462-1558,Demetra,Measom,dmeasom98@privacy.gov.au,Female,,Oyoba,$73.36
71-465-9633,Roberta,Giacomo,rgiacomo99@rediff.com,,,Gigashots,$126.68
59-347-8707,Hartwell,Phalip,,Male,PO Box 5310,Layo,$82.63
69-462-1234,Channa,Boichat,cboichat9b@sfgate.com,Female,Apt 73,Digitube,$135.01
89-769-2379,Skip,Geipel,sgeipel9c@walmart.com,,1st Floor,Kare,$73.91
15-966-6798,Creighton,Epelett,cepelett9d@aboutads.info,Polygender,,Youfeed,$27.59
28-174-7575,Berty,Cant,bcant9e@google.co.uk,Female,,Realblab,$183.93
50-214-9919,Ursola,Krabbe,ukrabbe9f@accuweather.com,Female,Suite 41,Minyx,$20.51
67-881-6553,Maudie,Creane,mcreane9g@parallels.com,,Room 1977,Skinte,$45.64
64-044-1273,Janka,Graddon,jgraddon9h@linkedin.com,Female,,Twimbo,$122.00
85-996-2792,Dacy,,dsatterlee9i@sitemeter.com,Genderqueer,,Kamba,
43-377-7951,Jereme,Stryde,jstryde9j@mapy.cz,Male,,Divape,$82.55
06-699-9488,Cole,Clancy,,,Apt 857,Topicware,$147.88
17-116-8798,Dre,Milius,dmilius9l@japanpost.jp,,PO Box 66491,Edgeclub,$99.36
41-902-8556,Alvinia,Celand,aceland9m@unicef.org,Female,,Meevee,
75-645-7787,Morie,Hutchason,,Male,,Voonte,$132.11
95-453-3651,Nobe,Severns,nseverns9o@themeforest.net,Male,Apt 582,Dabfeed,$186.85
06-350-0361,Nat,Goadby,ngoadby9p@jigsy.com,,,Quatz,$177.87
41-784-2126,Diena,,dgutherson9q@foxnews.com,,,Fliptune,$92.18
99-371-0489,,Onraet,tonraet9r@technorati.com,,,Jamia,$105.88
44-691-4679,Julio,,,Bigender,,Reallinks,$196.06
29-146-4692,Zackariah,Buscher,zbuscher9t@ustream.tv,Male,Room 1847,,$167.77
27-790-7068,,,lmathwin9u@tiny.cc,Female,,Skalith,$162.38
95-746-3104,Marcos,,mviegas9v@bloglovin.com,Genderfluid,,Youspan,$63.35
00-158-6696,Albert,,achawkley9w@fastcompany.com,,Room 1870,Feedspan,$131.76
88-744-3173,Vin,Kures,vkures9x@baidu.com,,PO Box 26841,Kazio,$61.18
89-624-5614,Pammie,Sellack,psellack9y@foxnews.com,Female,PO Box 45888,,$21.90
06-557-6224,Angelo,Dand,adand9z@scribd.com,Male,11th Floor,,
63-512-3040,Lewie,,lewencea0@examiner.com,,Suite 27,Thoughtblab,$67.12
05-091-7300,Catie,Carse,ccarsea1@ow.ly,Female,Suite 87,,$75.73
38-660-3377,Carrol,Tallach,ctallacha2@dot.gov,Male,,Plambee,$152.15
38-656-9556,Udale,Kinlock,ukinlocka3@twitter.com,Male,,Bubblemix,$178.55
76-139-4925,Beltran,Reimer,breimera4@parallels.com,Male,PO Box 65710,,$63.34
04-524-4058,Shannan,Smalman,ssmalmana5@reuters.com,Male,Room 1391,Topicblab,$135.22
89-924-5047,,,lciottoa6@weebly.com,Female,PO Box 10325,,$103.59
00-109-9825,Elfrida,Bootman,ebootmana7@example.com,Female,15th Floor,Skinix,$191.49
86-954-2725,Huntington,Austick,hausticka8@arstechnica.com,,Room 650,,$36.77
29-177-9768,Denney,Ferrers,,Male,PO Box 73004,Youopia,$31.94
72-108-5975,Albertina,,amacdwyeraa@gizmodo.com,Female,,Topicstorm,$184.21
73-043-8809,Jyoti,O'Dwyer,jodwyerab@merriam-webster.com,Female,17th Floor,Brightbean,$174.83
72-572-9568,Gloriana,Kemery,gkemeryac@cmu.edu,Female,Suite 73,,$123.73
38-740-6296,Willem,Boake,wboakead@unesco.org,,Room 633,Oyonder,$49.89
74-411-2975,Nan,Coltan,ncoltanae@about.me,Female,Room 1474,,$131.77
54-695-6772,,Inkin,,Male,,Fivechat,$161.46
84-605-3575,Luise,Vlach,lvlachag@amazonaws.com,,Room 278,Realpoint,$173.72
50-379-9455,Kilian,Huett,khuettah@princeton.edu,Male,Room 690,Geba,$55.01
81-037-1104,Phelia,,pdraijerai@infoseek.co.jp,Non-binary,,Wikido,$69.53
35-524-7537,Denna,Pearde,dpeardeaj@qq.com,Genderqueer,Suite 57,Bubblebox,$41.32
87-166-6343,Theresina,Higginbottam,thigginbottamak@elegantthemes.com,Female,PO Box 21430,Realbridge,$68.18
72-284-2378,Cassius,Riding,cridingal@chronoengine.com,,,Voomm,$115.63
07-023-5824,Gawen,Sherlock,gsherlockam@abc.net.au,Male,PO Box 25768,Zoonder,$97.76
94-289-0589,Calvin,Brawson,cbrawsonan@skyrock.com,,Apt 1087,Avamm,$183.55
75-506-0523,,Curner,dcurnerao@jimdo.com,Female,16th Floor,Divanoodle,$147.26
50-030-8884,Willamina,Earingey,wearingeyap@cocolog-nifty.com,Genderfluid,Room 737,Trudeo,$181.35
47-789-7388,Joanna,Verryan,jverryanaq@nasa.gov,Female,,Skimia,$60.65
70-474-9846,Diena,Gazzard,,Female,Apt 855,Yotz,
81-269-3569,Windy,,wtaltonas@mail.ru,Female,Apt 354,Blogtags,
04-956-3872,Imelda,,icrownshawat@cnet.com,Female,Apt 1731,Zoomcast,$177.95
82-309-8316,Tersina,Dudin,tdudinau@alibaba.com,Female,Apt 467,Roombo,$146.55
39-818-6653,Darsie,Teasdale,dteasdaleav@princeton.edu,Female,,Brightbean,$159.65
94-990-0646,Hannis,Arent,harentaw@t-online.de,Female,Apt 1260,Browsezoom,$135.12
14-493-6526,Darlleen,Hullah,dhullahax@odnoklassniki.ru,Non-binary,PO Box 95877,,$178.37
65-451-1170,Brand,Bickerton,bbickertonay@wikimedia.org,,Apt 779,Zoonder,$34.68
12-226-9381,Robbie,Lacheze,rlachezeaz@studiopress.com,Female,Suite 52,Dynava,$163.37
77-814-4815,Carmina,Stannah,cstannahb0@1und1.de,,17th Floor,Kayveo,$124.25
12-458-3553,Peri,Warrillow,pwarrillowb1@macromedia.com,Female,Suite 12,Reallinks,$83.92
77-522-2111,Lyon,Izat,lizatb2@theguardian.com,Male,PO Box 26284,Thoughtblab,$154.77
17-153-9734,Bernie,Rabbet,brabbetb3@mlb.com,Genderfluid,Room 452,Buzzdog,$183.67
54-218-4836,Marty,Rowthorne,mrowthorneb4@china.com.cn,,,Blognation,$28.44
57-822-8633,Gabriellia,Harrismith,gharrismithb5@clickbank.net,Female,,Geba,$91.96
18-393-4389,Major,Wetherald,mwetheraldb6@1und1.de,Male,,Twimbo,$32.47
82-701-1215,Darb,Jorgesen,djorgesenb7@webs.com,,,Wordify,$156.60
15-543-3820,Lennie,,lclaveringb8@comsenz.com,Male,,Eimbee,$128.93
37-207-1471,Ringo,Hamor,,Male,,,
82-594-9083,Batsheva,,btrolleyba@rambler.ru,Female,Suite 82,Wordify,$60.15
76-687-1977,Elyn,Revey,ereveybb@intel.com,Female,Apt 330,Lajo,$52.63
50-112-9818,Carly,,codonnellybc@gravatar.com,Male,PO Box 18194,Centimia,$171.93
68-284-7962,,Slack,gslackbd@springer.com,Female,Apt 921,Cogilith,$108.93
08-188-9284,Cyndia,Juanico,cjuanicobe@macromedia.com,Female,Room 1094,Twimm,$59.87
93-010-8729,Cesya,Pikesley,cpikesleybf@telegraph.co.uk,Female,PO Box 16719,Brightbean,$51.18
62-074-3556,Dyann,Prator,dpratorbg@sphinn.com,Female,PO Box 82475,Babbleopia,$23.67
63-754-6876,,Permain,apermainbh@guardian.co.uk,Female,Apt 1970,,$29.97
75-826-1242,,Vinas,nvinasbi@telegraph.co.uk,,,Dabshots,
82-094-8683,Fredra,Gait,fgaitbj@icio.us,Female,,Blognation,$112.17
15-188-3692,Nikola,Petrov,npetrovbk@disqus.com,Male,PO Box 17571,Avamba,$198.80
57-880-4127,Adriane,,aklazengabl@acquirethisname.com,,,Buzzbean,$120.04
08-286-5131,Hulda,Dmtrovic,hdmtrovicbm@biglobe.ne.jp,,,,$58.89
97-793-5695,Belvia,Yarn,byarnbn@loc.gov,Female,Apt 994,Demizz,$122.45
20-252-4112,Glynn,Gavahan,ggavahanbo@etsy.com,Male,PO Box 73693,Izio,$32.77
50-800-4995,Juanita,Colter,jcolterbp@desdev.cn,Genderfluid,,Riffpedia,$149.06
33-005-4996,Crysta,Seabert,cseabertbq@ebay.com,,PO Box 97395,Skippad,$93.43
85-928-5189,Juliana,,,Female,Apt 1551,Jazzy,$52.71
34-010-5451,Gunther,Hoggetts,ghoggettsbs@macromedia.com,Male,Apt 427,Wordpedia,$179.84
23-486-6978,Dagny,Rein,dreinbt@vkontakte.ru,,,,$169.13
08-532-2595,Rosalind,Mougenel,,,,Devshare,$118.73
76-498-4096,Vic,Woofinden,vwoofindenbv@unblog.fr,Male,,Rhyzio,$118.92
91-309-7453,Tate,Yourell,tyourellbw@cdc.gov,,Room 1027,Demizz,$177.90
44-019-4541,Merwin,Lauks,mlauksbx@bbb.org,Male,,Vinte,
42-894-7064,Carmelina,Rubinovitsch,crubinovitschby@digg.com,Female,,Quimm,$48.83
19-575-6750,Kesley,Trask,ktraskbz@vinaora.com,Polygender,Room 359,Flipopia,$42.86
55-468-4307,Shelton,Feasey,sfeaseyc0@sogou.com,,,Talane,$38.41
10-333-7150,Dre,Gradley,,Female,,,$77.65
61-157-6791,Mal,Christol,mchristolc2@flickr.com,Male,,Kazio,$29.96
24-655-2455,Aristotle,,abremeyerc3@fc2.com,Male,,Myworks,$149.01
11-984-9815,Frazer,Seiler,fseilerc4@unicef.org,Male,,Yodo,$199.59
48-538-3383,Coraline,Dallender,cdallenderc5@free.fr,Non-binary,,,
57-854-5368,Suzann,MacLaig,smaclaigc6@google.pl,Agender,Room 81,Zazio,$86.48
47-715-6504,Kass,Prendergrass,kprendergrassc7@springer.com,Female,,Yakidoo,$51.05
15-783-0577,,Ranklin,eranklinc8@microsoft.com,Female,Suite 94,Gigashots,$62.05
11-999-4110,Gretel,Canter,,,,Rhyzio,$54.06
65-277-7705,Aldo,,amcilveenca@twitter.com,Male,,Meevee,$79.30
64-734-4201,Anissa,Blyden,,Female,Apt 886,Realblab,$140.16
87-856-6567,Jsandye,Ferrierio,jferrieriocc@ow.ly,Female,,Omba,$177.17
08-172-8635,Hermia,,hchoatcd@virginia.edu,Female,Apt 1423,Jamia,$27.59
04-034-5523,Hunter,Wyness,hwynessce@chronoengine.com,Male,8th Floor,,$195.68
03-888-3208,Rheta,,,Female,Suite 72,Skimia,$192.35
59-118-9280,Otto,Rubega,,,,Abata,$61.91
92-289-4108,Maryellen,Oxby,moxbych@rediff.com,Female,11th Floor,Kazu,$147.67
65-908-2882,Kali,Dobkin,kdobkinci@economist.com,Female,,Feedmix,$113.82
90-936-5457,,,,,Apt 1368,Gigashots,
02-966-3328,Dehlia,Kyberd,,Female,,Blogpad,$59.26
38-085-3152,Miquela,Cowderay,mcowderaycl@lycos.com,,,Gabspot,$37.13
56-513-0555,Maximilien,Booty,,Male,Apt 718,Twitterworks,$81.46
71-924-1275,Eadmund,Mailes,emailescn@unc.edu,,15th Floor,Wordify,$90.17
11-672-4940,Averyl,Stiling,astilingco@newyorker.com,Agender,Suite 1,Jaxspan,$121.44
53-684-8928,Ripley,Culpin,rculpincp@sakura.ne.jp,Male,Suite 10,Dabjam,$39.26
33-683-8464,Mab,,mjossecq@discuz.net,Female,,Brainverse,$130.26
57-387-0073,Waldemar,,wgaleycr@tiny.cc,Male,PO Box 5490,Realpoint,$85.34
95-974-1221,Kylie,,kfabbrics@amazon.co.uk,Female,Apt 1521,Thoughtbridge,$174.42
20-304-0809,Kessia,,kmustinct@cbsnews.com,Female,19th Floor,Viva,$193.70
39-392-1774,Loy,Yakebovich,lyakebovichcu@facebook.com,Male,,Devpulse,$23.27
20-162-1477,Eduard,Marriot,emarriotcv@moonfruit.com,Male,Room 1948,Rhyloo,$52.93
48-813-7723,Brita,Severs,bseverscw@ucoz.com,Female,,Thoughtmix,$119.05
84-516-6379,,Heymes,aheymescx@nsw.gov.au,,6th Floor,Oyoloo,$30.42
88-371-3963,Eleanor,,epringercy@yelp.com,,,Rhynoodle,$103.10
94-040-6457,Stuart,Asp,,Male,14th Floor,Aimbo,$121.04
23-696-2563,Rozanna,Lethebridge,rlethebridged0@marriott.com,Female,Suite 49,Dablist,$183.35
71-359-4963,Brooks,,bputleyd1@vk.com,Male,Room 70,Mydo,$191.37
93-260-0776,Auguste,Malcolm,amalcolmd2@reuters.com,,,Zazio,$150.85
91-555-0269,Simonne,Finlater,sfinlaterd3@domainmarket.com,,PO Box 19315,Tagcat,$69.16
30-180-6142,Tiffani,Kiefer,tkieferd4@ftc.gov,Female,PO Box 74054,Feedfish,$154.24
41-749-0804,Melva,Kleynermans,mkleynermansd5@google.co.jp,Female,PO Box 88589,Dabvine,$150.50
74-732-6618,Oberon,Trewhitt,otrewhittd6@japanpost.jp,Male,Apt 1889,Skilith,$176.36
64-540-7308,Chloette,Renne,crenned7@booking.com,Female,,Kwimbee,$141.00
55-726-1192,Marten,Bruster,,Male,,,$22.11
83-850-6097,Katrine,,kmiddled9@engadget.com,Female,Apt 583,Pixope,$96.79
23-819-8680,Haleigh,Brisker,hbriskerda@wunderground.com,Male,,Npath,$94.90
51-137-6068,Abagael,Ostick,aostickdb@sbwire.com,Female,,,$139.36
81-026-8719,Gui,Holligan,gholligandc@noaa.gov,Genderqueer,Apt 1285,Photobug,$111.29
60-837-5263,Tedie,Brealey,tbrealeydd@home.pl,,,Janyx,$146.49
52-206-7672,Glenine,Petry,gpetryde@godaddy.com,,Apt 11,Jabbersphere,$59.44
54-076-0937,Neala,,nalphonsodf@joomla.org,Female,,Edgetag,$193.25
44-666-8838,Eleanore,Gettins,egettinsdg@vk.com,Female,1st Floor,,$156.34
27-734-6396,Hayyim,Antecki,hanteckidh@forbes.com,Male,Suite 81,Meevee,$94.27
24-230-1312,Arlina,,amercikdi@stanford.edu,Female,,Gabcube,$47.28
08-920-1657,Kathleen,Symondson,,Female,PO Box 6714,,$63.71
67-587-3584,Cordula,Meininger,,Female,Suite 7,Yabox,$157.06
87-021-3097,,Phillcox,gphillcoxdl@indiegogo.com,,Suite 59,,$69.67
98-872-3797,Brinna,Hawse,bhawsedm@printfriendly.com,Female,,Ainyx,$62.17
88-296-6540,,Chesters,lchestersdn@telegraph.co.uk,Female,Apt 510,Gevee,$160.83
61-303-3774,Herbie,Medmore,hmedmoredo@tumblr.com,Male,,Plajo,$163.67
15-204-2925,Clarinda,Itzakson,,Female,,Shuffletag,$52.48
69-672-1813,Fredrick,,fstoakesdq@admin.ch,Male,Apt 353,Jabbersphere,$52.27
40-844-2937,Meredith,Gimenez,mgimenezdr@blinklist.com,,,Kaymbo,$138.37
86-162-3479,Jonah,Broadbear,jbroadbeards@independent.co.uk,Male,Suite 22,Flashspan,$57.85
54-918-0673,Tally,Hazle,thazledt@springer.com,,Apt 1648,Quaxo,$70.29
26-722-5864,Edik,Inglesfield,einglesfielddu@epa.gov,Male,,,$105.45
49-469-4777,Almeta,,aferrasdv@disqus.com,Female,,Tanoodle,$63.70
24-072-1813,Bondie,Conroy,bconroydw@ask.com,,,Dabvine,$146.62
20-394-3607,Ivor,Wilkie,iwilkiedx@economist.com,,,Eimbee,$146.13
99-111-2592,Merrile,Bubbins,mbubbinsdy@blogs.com,Female,,Zoomcast,$190.95
45-408-1745,Jesus,,jpaultondz@marketwatch.com,Male,Room 706,Meeveo,$49.90
80-942-4494,Georgianna,Keady,gkeadye0@upenn.edu,Female,Room 1531,Jabberbean,$130.61
45-457-1438,Wade,,wlounte1@fc2.com,,,Reallinks,$99.85
77-792-6493,Katusha,Olivia,koliviae2@deviantart.com,Female,10th Floor,Thoughtsphere,$178.04
69-707-7242,Waneta,Corzor,wcorzore3@pbs.org,Female,,Thoughtstorm,$76.78
93-651-6147,Quinn,Grigs,qgrigse4@engadget.com,Female,,Skiptube,$90.70
80-175-2430,Ailsun,Cargill,acargille5@hatena.ne.jp,Female,,Thoughtblab,$152.80
27-793-8426,Kele,Willoughway,kwilloughwaye6@devhub.com,Male,Room 1909,,$188.83
72-042-5170,Brinn,Eccleston,becclestone7@myspace.com,Female,10th Floor,,$74.96
73-970-1040,Bent,Strauss,bstrausse8@privacy.gov.au,Male,3rd Floor,Abatz,$91.80
47-907-5228,Mark,Pringle,mpringlee9@biblegateway.com,,Suite 89,Wordpedia,$148.05
85-956-9503,Lou,Nasi,lnasiea@oracle.com,,,Brightbean,
08-136-3130,Kristien,Meggison,,Female,Room 192,Skinte,$61.50
21-884-9896,Giorgi,Fenkel,gfenkelec@xing.com,Male,Apt 733,Camimbo,$87.14
59-227-6497,Dame,Beardsley,dbeardsleyed@sitemeter.com,,Room 794,,$150.54
00-848-3243,Joe,,jroacheee@instagram.com,Male,Room 1347,Topicstorm,$87.29
40-988-6308,Gwen,Wix,gwixef@sun.com,,,Zooveo,$121.38
97-724-3633,Esdras,Dries,edrieseg@squidoo.com,Male,PO Box 94226,Lazzy,$83.67
59-679-6689,Gigi,Morrallee,gmorralleeeh@mysql.com,Female,,,$194.71
69-084-3061,Enoch,Beldon,ebeldonei@independent.co.uk,,,Vinder,$32.04
43-260-2133,Dew,,dfridlingtonej@behance.net,Male,Suite 1,,$31.49
22-168-5768,Ardelis,Kornes,akornesek@163.com,Female,,Realmix,$105.71
78-226-9933,Jolie,Marsay,,Female,Room 1424,Geba,$55.12
27-913-4985,Titus,Trowsdall,ttrowsdallem@nyu.edu,Male,,Skyba,$153.77
24-060-0354,,Huckster,dhucksteren@usatoday.com,Female,,Shufflebeat,$160.76
03-713-9794,Eduard,Ewles,eewleseo@thetimes.co.uk,,Apt 406,Aivee,$196.32
44-373-1342,Lonnard,,lwentep@canalblog.com,Male,,Cogilith,
94-276-8360,Ivory,Forsdyke,iforsdykeeq@hc360.com,Female,Room 1006,Realpoint,$116.53
76-862-0328,Sigfried,Soltan,ssoltaner@bbc.co.uk,Male,,BlogXS,$114.46
88-904-6425,Norri,,nspellesyes@fc2.com,Female,,Gabspot,$86.59
30-169-9488,Leticia,Hestrop,lhestropet@japanpost.jp,Female,Room 1587,Muxo,$120.18
64-398-6772,Lance,Judson,ljudsoneu@shutterfly.com,Male,,Youbridge,$36.53
43-945-7085,Bay,Minto,bmintoev@xrea.com,Male,,Voonte,$72.53
98-346-2314,Pete,Mannakee,pmannakeeew@jigsy.com,Male,,Yakitri,$57.94
17-919-2661,Jannelle,Flowers,jflowersex@google.pl,,,Thoughtbeat,$177.68
70-963-6778,Lezley,Velten,,,Suite 52,Zooveo,$178.71
50-572-6833,Kelley,Stradling,kstradlingez@gov.uk,Non-binary,Suite 82,,$192.82
50-453-2440,Georas,Shambrooke,gshambrookef0@unesco.org,Male,,Ntag,$194.23
84-491-4585,Keir,Ply,kplyf1@bandcamp.com,,Suite 47,Tanoodle,$77.96
69-945-3778,Hallsy,Harrald,hharraldf2@sogou.com,Male,,Wikivu,$124.41
03-620-2537,Anestassia,Fraczkiewicz,afraczkiewiczf3@bizjournals.com,Female,PO Box 22618,Thoughtmix,$153.15
87-325-7263,Rolland,Bearsmore,rbearsmoref4@ucla.edu,Male,,,$129.36
47-066-2649,Gwenni,Aykroyd,,Female,12th Floor,Layo,$180.68
53-998-1331,Neils,Tommen,ntommenf6@globo.com,Male,,Wordify,$64.87
77-155-3667,Reggis,Mordon,rmordonf7@netscape.com,Male,Suite 92,Trilia,$70.27
88-845-1547,Sabina,Conelly,sconellyf8@intel.com,Female,Room 545,,$39.18
09-633-3464,Carlota,Barkshire,cbarkshiref9@mediafire.com,Genderqueer,Apt 1643,Kwilith,$20.22
94-908-8721,Merrili,Perton,mpertonfa@bbc.co.uk,Polygender,,Buzzshare,$115.60
27-214-7700,Baillie,Koch,bkochfb@networksolutions.com,Male,PO Box 55037,Eire,
43-991-3957,Rollo,,randriessefc@vinaora.com,,,Quimm,$94.75
10-731-0234,Karry,Mulliner,kmullinerfd@prlog.org,Female,12th Floor,,$22.89
25-548-1526,Gertrude,Spini,gspinife@nature.com,Female,PO Box 56194,Flashdog,$113.76
78-401-1518,Dennis,Garner,dgarnerff@huffingtonpost.com,Male,PO Box 63738,Tagchat,$90.74
34-281-3318,Brnaby,Woosnam,bwoosnamfg@addtoany.com,Male,,Yodo,$128.03
82-652-8702,Ave,,amcturleyfh@jimdo.com,,PO Box 16288,Edgepulse,$44.47
86-888-6792,Gustie,,gtwinbornefi@deliciousdays.com,Female,Room 264,Fadeo,$50.42
59-684-2737,Christiana,Keyte,,Female,16th Floor,Twimm,$34.18
49-564-9294,Cchaddie,Gristwood,cgristwoodfk@patch.com,Male,,Devpulse,$33.37
44-447-4144,Ceciley,Westwick,cwestwickfl@feedburner.com,Female,Apt 366,Fivechat,$46.84
24-072-5519,Shannan,Faughnan,sfaughnanfm@auda.org.au,Male,Suite 84,,$189.92
31-491-7283,Taddeusz,Brandacci,,Male,PO Box 69004,Dabfeed,$45.61
29-150-2017,,Slowly,gslowlyfo@mail.ru,Female,Suite 39,Ntag,$43.59
74-199-6111,Bengt,Mouncey,bmounceyfp@over-blog.com,Genderfluid,14th Floor,Plambee,$60.88
94-532-8618,Yorker,,,,,Innojam,$84.60
54-004-7153,Ruth,,rdederichfr@dell.com,Female,,Skimia,$33.14
19-692-1956,Rosalie,Strainge,rstraingefs@google.pl,Female,Room 438,Feedbug,$55.15
14-699-3348,Phylis,Duckwith,pduckwithft@nhs.uk,Female,,Buzzdog,$97.83
21-807-9227,Monica,Yule,myulefu@a8.net,Female,,,$43.22
99-111-7824,Danette,Searchfield,dsearchfieldfv@163.com,Female,,Livefish,$28.83
54-554-4040,Myrvyn,Houltham,mhoulthamfw@alibaba.com,Male,Apt 1275,,$24.42
26-812-3734,Tucker,Roscher,troscherfx@1und1.de,Genderqueer,,Skilith,$196.75
04-892-4919,Ewart,Nendick,enendickfy@bravesites.com,Male,3rd Floor,Dabshots,$71.03
08-735-1312,Teri,,tgalierofz@addtoany.com,Female,19th Floor,Dynabox,$117.80
80-291-6109,Demetrius,Iczokvitz,diczokvitzg0@slashdot.org,Male,,,$61.16
43-280-3687,Caterina,Sallowaye,csallowayeg1@bluehost.com,,,Geba,$166.61
64-429-0306,Joell,Swain,jswaing2@skype.com,Female,,Trilith,
54-036-0523,Griffith,Osmint,gosmintg3@networksolutions.com,Male,13th Floor,Topiczoom,$133.16
46-801-0090,Natty,McQuade,nmcquadeg4@miitbeian.gov.cn,Male,,Topicstorm,$45.80
85-314-5541,Gelya,Handrek,ghandrekg5@imdb.com,Genderfluid,,Feedspan,$131.03
30-449-3530,Fred,Aharoni,faharonig6@whitehouse.gov,Male,Apt 60,,$116.91
06-801-0911,Rayna,Lagneaux,,Female,PO Box 82110,Yakitri,
88-667-1129,Fonsie,,fcotherillg8@google.pl,Male,,,$187.51
11-279-2159,Nicholas,Rzehorz,nrzehorzg9@amazon.co.jp,Male,Apt 922,,$159.75
62-985-9239,Dale,,dlimbga@eventbrite.com,Female,,Yakidoo,$197.75
93-150-5269,Henderson,Newton,hnewtongb@edublogs.org,Male,Room 905,,$148.09
88-523-8858,Margalit,Gromley,mgromleygc@sourceforge.net,Female,,Gabtune,$40.15
44-350-7033,Harald,,,Male,,,$126.28
16-549-6647,Gayler,Caurah,gcaurahge@so-net.ne.jp,Male,,Skyble,
25-374-9789,Federica,,,Female,PO Box 63305,Midel,$182.91
70-050-8225,Falito,,fdarringtongg@prnewswire.com,Male,,Latz,$64.63
58-830-2301,Lolita,Sancho,lsanchogh@barnesandnoble.com,Female,Suite 12,JumpXS,$176.59
64-067-2481,Piotr,Upchurch,pupchurchgi@ezinearticles.com,Male,Apt 1935,,$99.56
37-144-0835,Alayne,Spalton,aspaltongj@economist.com,Non-binary,Room 1617,Kwilith,$170.74
36-034-0177,Dedie,Rizzotto,drizzottogk@salon.com,,,Blognation,
96-978-3658,Delphinia,Shedden,,Female,Suite 37,Topicware,$97.71
21-689-4131,Valida,Glanert,vglanertgm@ycombinator.com,Female,,Janyx,$69.09
17-313-2995,Desdemona,Draysay,ddraysaygn@linkedin.com,,PO Box 98621,Quinu,$192.91
85-094-5215,Svend,Gother,,Male,Suite 84,Yambee,$151.34
78-078-5267,Wilden,Kuhnhardt,wkuhnhardtgp@statcounter.com,Male,,Vidoo,$137.21
45-249-6314,Hillier,Yablsley,hyablsleygq@bloglovin.com,Male,19th Floor,,$178.21
28-716-0034,Adelice,Curphey,,Female,,Gabcube,
15-552-8560,Sharona,Momery,smomerygs@home.pl,,,Roodel,$127.32
24-294-6285,Blakelee,Temblett,btemblettgt@acquirethisname.com,,,Teklist,$20.23
74-696-9225,Darrelle,Preskett,dpreskettgu@yahoo.co.jp,Female,,Edgetag,$184.87
38-584-4278,Alix,Pothergill,apothergillgv@bloglines.com,Male,Apt 778,,$110.52
33-022-4484,,Marklund,amarklundgw@telegraph.co.uk,Female,,Voomm,$160.41
18-854-3790,Tiertza,Duffell,tduffellgx@jalbum.net,Female,,Youspan,$69.42
57-961-1600,Lloyd,Le Huquet,llehuquetgy@baidu.com,,Room 65,Oyonder,$195.31
66-953-2818,Erskine,Duesberry,eduesberrygz@amazon.co.uk,,,Ozu,$187.32
85-557-6171,Shaw,Lalevee,slaleveeh0@oakley.com,,,Thoughtstorm,$195.79
93-712-1731,Sloan,de Broke,sdebrokeh1@ebay.com,Male,15th Floor,Lazz,$46.64
42-464-8636,Idaline,Beadle,ibeadleh2@google.pl,Bigender,12th Floor,Youspan,$65.97
07-350-4872,Bear,Orgee,borgeeh3@house.gov,,,,$144.53
12-838-4238,Terza,Dobrowski,tdobrowskih4@youtube.com,Female,,Jayo,$117.65
74-194-8380,Benedict,Meeking,bmeekingh5@creativecommons.org,Male,,Shufflester,$142.55
21-422-0353,Anna,Dawney,adawneyh6@shinystat.com,Female,PO Box 97298,Janyx,$40.17
46-146-8590,Tony,Hansberry,thansberryh7@hostgator.com,Female,Apt 1460,Eidel,$53.65
87-138-7873,Marga,Haburne,mhaburneh8@google.it,Female,10th Floor,Tekfly,$44.94
56-509-6007,Jesselyn,Reckless,jrecklessh9@google.com,Female,Room 1805,Einti,$49.86
29-473-3604,Ciro,,ctromansha@amazon.com,Male,Apt 184,Tagopia,$89.09
51-746-7190,,Edwardes,redwardeshb@state.tx.us,Female,,Tagfeed,$125.02
17-987-0771,Curtis,Ethridge,cethridgehc@nature.com,Male,Apt 857,Youspan,$93.06
06-396-4023,Adolph,,abirdshd@blinklist.com,Male,Apt 1745,Flipstorm,$147.85
70-344-8932,Waverly,Causer,wcauserhe@opera.com,,2nd Floor,DabZ,$159.50
63-641-1798,Bridgette,Wilkinson,bwilkinsonhf@disqus.com,,,Lazz,$81.94
39-521-5223,Norrie,Tute,ntutehg@webeden.co.uk,Male,12th Floor,Twimbo,
88-608-4750,Thurstan,Hagley,thagleyhh@columbia.edu,,Room 898,Browsebug,$142.81
63-920-9444,Axe,Draycott,adraycotthi@shop-pro.jp,Male,PO Box 84784,Skimia,$179.73
73-417-9078,Gavra,Doumer,,,,,$122.58
61-698-7011,,Bevir,abevirhk@furl.net,,Suite 26,Oyonder,$113.19
55-808-2421,Skipper,Radenhurst,sradenhursthl@jugem.jp,Male,,Jabberbean,$63.00
42-360-9682,Marchall,Cleaves,mcleaveshm@huffingtonpost.com,Male,PO Box 69430,Brainlounge,$197.57
09-384-1879,Gregorius,Weeds,gweedshn@smugmug.com,Male,,Ainyx,$173.02
87-132-4878,Carlynne,Bydaway,cbydawayho@google.it,Female,Room 1077,,$21.94
17-129-7270,Karil,Hrinishin,khrinishinhp@i2i.jp,,Suite 38,Skiba,$146.27
08-942-0906,Kiele,Vernazza,kvernazzahq@youtu.be,Female,,Skimia,$65.57
78-949-4365,Simmonds,Greenhough,sgreenhoughhr@cornell.edu,Male,,Realbuzz,$135.59
48-072-0785,Kerby,,kdolderhs@mediafire.com,Male,,Wordify,$69.71
89-314-3049,Lise,Tallent,ltallentht@com.com,,PO Box 83691,Buzzshare,$53.42
70-040-5709,Cammy,,,Female,PO Box 85527,Jabbercube,$165.51
70-260-9420,,Edmunds,hedmundshv@bbc.co.uk,,Apt 42,Edgeclub,$129.23
94-854-3750,Minta,Sekulla,msekullahw@npr.org,Female,,Youopia,$153.06
76-788-9447,Gwyneth,Francklyn,,Female,Apt 524,Centidel,$48.38
33-229-7904,Adelaida,Pendred,apendredhy@uiuc.edu,,,,$185.44
29-222-6496,Quillan,Glayzer,qglayzerhz@vistaprint.com,Male,Suite 60,Devshare,$162.56
44-798-5769,Nikoletta,Palia,npaliai0@privacy.gov.au,Female,Suite 53,Youfeed,$78.16
31-498-2834,Demetris,,dgidneyi1@newsvine.com,Male,,Reallinks,$45.95
48-608-7942,Jayme,Rourke,jrourkei2@reuters.com,Female,,Divavu,$158.14
14-669-7477,Glyn,,gdimitrescui3@kickstarter.com,Female,Apt 310,Bubbletube,$32.31
33-219-5348,Moselle,Levesque,mlevesquei4@pbs.org,,,Camido,$99.25
84-108-9766,,Haresnaip,rharesnaipi5@who.int,,Room 711,Buzzster,$109.44
10-279-6534,,Goulden,ngouldeni6@stanford.edu,Male,,Voomm,$65.45
08-666-1957,Aharon,Varsey,avarseyi7@cnbc.com,Male,PO Box 68355,Devpulse,$186.80
69-813-3809,,,lhundayi8@cornell.edu,Male,,Zoozzy,$124.17
58-479-7410,Farr,De L'Isle,fdelislei9@nature.com,Male,Suite 70,,
04-913-4204,Dyanna,Feasley,,Female,20th Floor,Shufflester,$157.66
18-178-1081,Sally,Collie,scollieib@skype.com,,Suite 68,Quaxo,$135.23
93-648-0698,Feodor,Fromant,ffromantic@live.com,Agender,PO Box 33765,Devbug,$137.06
93-829-3727,Gerek,Malacrida,gmalacridaid@merriam-webster.com,Male,17th Floor,Rhyloo,$124.15
86-428-5612,Benedicta,Biddlestone,bbiddlestoneie@about.me,Female,,,$186.99
47-059-9424,Joellyn,Rowthorne,jrowthorneif@marriott.com,Female,Apt 359,Topicware,$135.55
57-940-3469,Daryl,Toulmin,dtoulminig@mac.com,,,Flipstorm,$111.64
29-789-4342,Myrilla,Woodvine,mwoodvineih@photobucket.com,Female,Suite 93,Dablist,$35.95
22-698-8192,Marji,Collingwood,mcollingwoodii@dailymotion.com,Non-binary,Apt 822,Twitterwire,$24.74
63-140-8781,Ellwood,Haggith,,,,Shufflebeat,$55.00
65-393-6030,Bev,,bpapesik@msn.com,Male,9th Floor,Eire,$54.56
62-211-6140,Nissa,Macartney,,Female,15th Floor,Roomm,$158.54
38-121-0421,Dawna,Acomb,dacombim@forbes.com,Female,Room 558,,$32.86
68-801-2785,Farly,Goodram,fgoodramin@youtube.com,Polygender,Apt 1830,Buzzbean,$69.66
57-420-9298,Ulrich,Goaks,ugoaksio@fema.gov,,,Realbridge,$168.58
57-199-7372,Karilynn,,klezemoreip@techcrunch.com,Female,,,$168.20
58-675-4075,Gottfried,Lingley,,,,Voonix,$190.56
69-178-8270,Eveline,Lamzed,elamzedir@indiegogo.com,Female,PO Box 45254,,$153.60
62-736-8575,Sascha,Sutheran,ssutheranis@homestead.com,Male,,Browsecat,$141.09
60-171-2828,Ronny,Francois,,Female,,Photobug,$22.39
88-741-0171,Micheil,Broughton,mbroughtoniu@indiegogo.com,,Suite 91,Jazzy,$130.23
13-837-4414,Kelley,Luck,kluckiv@xrea.com,Male,,Jazzy,$188.79
76-983-1739,Odie,Shewen,osheweniw@deliciousdays.com,Male,,Feedfire,$95.32
74-567-3125,Vyky,Raith,vraithix@vimeo.com,Female,Apt 1067,Zoozzy,
53-020-6134,Gertrud,Ibotson,gibotsoniy@naver.com,,Room 921,Babbleblab,$23.35
94-983-2125,Jan,Atwood,jatwoodiz@sfgate.com,Female,Room 1596,Cogidoo,$91.13
23-159-1088,Cristabel,Watson,cwatsonj0@cisco.com,,PO Box 56280,Skajo,$83.14
86-243-0003,Danie,Allsebrook,dallsebrookj1@studiopress.com,,PO Box 43620,Babbleblab,$109.67
86-287-9709,Abigale,Camp,,Female,PO Box 90542,Yabox,
84-442-5250,Teresina,,tfinbyj3@123-reg.co.uk,Female,,,$189.39
30-324-8636,Aeriel,Ritchings,aritchingsj4@ca.gov,Female,,Brightbean,$153.13
76-592-2547,Kylynn,Danslow,kdanslowj5@tmall.com,Female,,Dynazzy,$121.31
81-749-6892,Danyelle,Turvie,dturviej6@theglobeandmail.com,Female,,Yodo,$107.76
32-643-4209,Michelle,Pover,mpoverj7@economist.com,,18th Floor,Cogilith,$47.73
37-543-4657,Pris,Elphee,pelpheej8@smugmug.com,Genderqueer,Suite 85,Oyoyo,$175.84
52-443-8885,Guinevere,,gterrisj9@arstechnica.com,Female,,,$148.96
89-989-4453,Pet,Hawes,,,,Mymm,$193.35
98-050-3784,Morna,Eles,melesjb@statcounter.com,Female,Apt 1286,,
84-072-0777,Henka,Domenc,hdomencjc@stumbleupon.com,Female,,Trilia,$71.86
57-299-7037,Darren,Treleaven,dtreleavenjd@pagesperso-orange.fr,Genderfluid,12th Floor,Gabtune,$33.16
06-063-7542,Josie,Willcot,jwillcotje@sphinn.com,Female,,Oyoba,$151.21
15-006-0663,Adel,Blanche,ablanchejf@tiny.cc,Female,,Shuffledrive,$181.45
78-226-0253,Deloris,Meacher,dmeacherjg@cam.ac.uk,Female,Room 1855,Browsezoom,$113.21
02-460-7020,Berkley,Jouanot,,Male,Apt 1477,,$136.35
89-727-6501,Denyse,Bascomb,,Female,Room 1976,Fatz,$67.94
39-007-0361,Angelico,,awhitleyjj@google.cn,,,Feednation,$106.72
24-762-5281,Claudie,Mostyn,cmostynjk@so-net.ne.jp,Female,Apt 1825,Livetube,$142.01
83-772-8807,Koenraad,Saywood,,Male,16th Floor,Roombo,$130.04
58-479-6384,Martha,Stive,mstivejm@buzzfeed.com,Female,PO Box 31863,Avamba,$91.56
18-341-0598,Shermy,Handscomb,shandscombjn@istockphoto.com,Male,Apt 25,Oyoloo,
24-535-4694,Kellyann,Loosley,kloosleyjo@hugedomains.com,Female,,,$88.28
82-967-4385,Valle,Elkin,velkinjp@goo.ne.jp,Male,,Vidoo,$37.61
20-263-0282,Brien,Sewards,bsewardsjq@loc.gov,Male,,Brainlounge,$190.06
10-298-1067,Danna,Garraway,dgarrawayjr@hostgator.com,,Apt 1072,Demimbu,
14-661-0756,Clotilda,,cchellamjs@soundcloud.com,Female,,Photolist,$117.18
38-288-6665,Casi,Gilbride,cgilbridejt@mit.edu,Female,,Riffpedia,$193.58
72-814-6031,Elayne,Wickliffe,ewickliffeju@is.gd,Agender,Suite 90,Lazz,$104.90
72-455-8519,Cherianne,Kleinhausen,ckleinhausenjv@washingtonpost.com,Genderfluid,,BlogXS,$160.42
56-295-8369,Gearalt,Abramowitz,gabramowitzjw@bravesites.com,Male,PO Box 78343,Eamia,$199.24
40-043-5346,Tito,Allain,tallainjx@purevolume.com,Male,Suite 71,Topicware,$106.18
65-012-5999,Glen,Glastonbury,,,4th Floor,Yacero,
21-506-4514,Hetti,,hortesjz@canalblog.com,Female,Suite 62,Flashspan,$91.24
46-992-3448,Bordie,Backhurst,bbackhurstk0@mysql.com,Male,,Innotype,$159.45
34-024-8115,Patric,Carreck,pcarreckk1@ca.gov,Male,19th Floor,,$65.08
26-806-7962,Heall,Lawton,,Polygender,19th Floor,Tagtune,$165.04
24-320-0658,,Feedome,dfeedomek3@github.com,Female,,Vinte,$95.27
40-900-5325,Lora,Petrina,lpetrinak4@edublogs.org,Female,,Brightbean,$192.53
50-687-0292,Alecia,Ackenhead,aackenheadk5@google.co.jp,Female,10th Floor,Mydeo,$93.19
89-848-5603,Rik,Cobbold,,Male,14th Floor,Blogpad,$142.92
07-246-4015,Reynolds,Waddie,,Agender,Apt 1005,Dynava,$98.63
13-671-5327,Lauraine,Reyna,lreynak8@techcrunch.com,Female,,Gigashots,$189.06
69-458-8276,Georgie,,gramalhetek9@twitpic.com,Female,PO Box 73866,Buzzshare,$153.41
41-348-7749,Garv,Mayworth,gmayworthka@youku.com,,Apt 1017,Blogspan,$138.36
16-246-9311,Gwynne,Brownhall,gbrownhallkb@loc.gov,Female,Suite 4,LiveZ,$117.10
74-506-5803,Dahlia,Paolozzi,,Female,,Eazzy,$66.64
52-971-8443,Jocko,Kilbourn,jkilbournkd@yellowbook.com,Male,Apt 457,Youtags,$60.91
67-404-5590,Rudiger,Gadney,rgadneyke@boston.com,,,Oyonder,$42.26
59-228-0633,Ade,Vallintine,avallintinekf@dedecms.com,Genderqueer,PO Box 19158,Twinte,$132.06
72-145-0367,Arlee,Louys,,,Suite 29,Meeveo,$49.49
30-785-9323,Franni,Duckers,fduckerskh@tripadvisor.com,Female,Room 1173,Avavee,$136.06
66-907-9907,Jesus,,jburlingki@elpais.com,Male,Room 1412,Avamba,$112.90
18-301-4060,Melody,,mfoggartykj@usatoday.com,Female,,,$194.13
16-525-8386,,,,Female,Room 1627,Brainlounge,$80.19
08-559-8478,Sal,,ssnashallkl@marriott.com,,,Blogtags,$121.93
05-799-5686,Stevy,Williams,,Male,,Trilia,$152.04
06-957-7637,Pyotr,Devereux,pdevereuxkn@ycombinator.com,Male,,Vimbo,$162.75
33-250-5883,Vivianna,,vcrookstonko@ameblo.jp,Female,7th Floor,Voolia,$177.62
33-819-9815,Garnette,Somersett,gsomersettkp@va.gov,Female,Apt 749,Layo,
70-081-4011,Brooks,Pelos,,,,Devify,$40.39
40-300-7024,Simone,Geerits,sgeeritskr@mit.edu,Male,Room 870,,$37.21
17-105-8423,Joyce,Dat,jdatks@shinystat.com,Female,,Realcube,$132.32
15-845-7936,Dorothea,,dstyankt@indiatimes.com,Female,PO Box 84699,Katz,$198.18
87-106-9280,Noellyn,Bricksey,nbrickseyku@abc.net.au,Genderfluid,,,
24-647-2107,,Raffles,kraffleskv@odnoklassniki.ru,Female,,Skinix,$132.55
00-712-2387,Sean,Vigours,svigourskw@epa.gov,Male,,Kwilith,$93.13
22-311-9621,Petey,Bailiss,,Male,,,$90.81
25-994-7395,Lisette,Pendered,lpenderedky@123-reg.co.uk,Non-binary,,Yakidoo,$138.98
90-331-8809,Stanley,Dowears,sdowearskz@instagram.com,,,Podcat,$22.72
26-128-2240,Bordie,Jillard,,,,Cogibox,$104.05
66-423-5292,Jobi,,jmccaheyl1@apple.com,Female,,,$187.41
67-349-8704,Kerk,,kquartleyl2@tripod.com,Polygender,Room 195,,$179.31
27-924-1464,Egon,Abbots,eabbotsl3@pbs.org,,Apt 839,Fadeo,$81.53
05-452-0821,Fay,,fbolgerl4@pen.io,Female,,Flipopia,$120.60
73-143-7251,,Chezier,kchezierl5@networksolutions.com,Male,Suite 55,Topicstorm,$67.27
73-343-8484,Spenser,Tidd,stiddl6@purevolume.com,,,Layo,$108.56
63-394-7983,Birch,MacAskill,bmacaskilll7@nydailynews.com,Male,,Trudoo,$155.27
23-902-9257,Francisco,Cawdery,,,,Shufflester,$38.53
79-085-4455,Hashim,Camerana,,Male,Suite 50,Oloo,$93.31
03-438-6597,Alphonso,,atapporla@usatoday.com,,8th Floor,,$40.62
37-261-5459,Hewet,Dowry,hdowrylb@telegraph.co.uk,,,,$105.63
00-181-2780,Angel,,apatchinglc@shinystat.com,Male,PO Box 47162,Tekfly,
48-736-8478,Yolanthe,,ymaclarenld@princeton.edu,Female,,,
67-539-9982,Darby,Ianni,diannile@walmart.com,Male,Apt 1942,Aimbo,$120.96
85-343-3186,Blondy,Paolicchi,bpaolicchilf@mit.edu,,Apt 762,Einti,$21.34
93-244-1084,Carmelle,,,Female,,Eazzy,$146.15
35-535-9886,,Smallpiece,bsmallpiecelh@yale.edu,,,Blognation,$101.12
46-626-3180,,Overstall,eoverstallli@i2i.jp,,,Tagfeed,$94.17
01-380-1876,,Marrion,vmarrionlj@g.co,,,Camido,$133.80
06-398-1191,Bekki,Bower,bbowerlk@artisteer.com,Female,,Eayo,$48.58
81-526-2425,Laurianne,,,,PO Box 25294,,$32.55
95-367-7630,Rubi,Heppner,,Non-binary,,Skilith,$88.01
54-106-6543,Neale,Videan,nvideanln@xrea.com,Male,Apt 656,Tagchat,$42.34
61-288-5067,,Forrestill,iforrestilllo@hao123.com,Female,1st Floor,,$175.67
31-425-9561,Parke,,pcamfieldlp@newyorker.com,Male,Suite 50,Divanoodle,$98.49
31-228-6382,Anna-maria,Madill,amadilllq@ibm.com,Female,Suite 75,Dazzlesphere,$181.86
09-173-1589,Magdaia,,mgellandlr@jiathis.com,Female,,Skimia,$63.14
63-831-2569,Jenifer,,,Polygender,,,$101.41
16-762-0949,Arne,Hartburn,ahartburnlt@msn.com,Male,PO Box 54632,Demizz,$123.35
99-159-0318,,Leheude,,Male,Room 1755,Buzzdog,$61.07
37-278-6243,Kipp,Behnecken,kbehneckenlv@clickbank.net,Male,Suite 58,Skipfire,$106.37
95-336-1998,Fergus,,foswaldlw@latimes.com,Male,Suite 81,Yodel,$84.58
62-822-0361,Lydia,Penwell,,,,Rhybox,$184.92
22-312-0689,Fransisco,Yitshak,fyitshakly@hibu.com,Male,5th Floor,,$94.27
17-556-0066,Gail,Kingsford,gkingsfordlz@com.com,,PO Box 38968,Cogidoo,$142.92
01-592-8565,Robinson,,rtullotm0@taobao.com,Male,,Realpoint,$103.25
50-262-4588,Lavina,Clemits,,Female,,Skynoodle,$37.13
37-329-5383,Christos,O'Carrol,cocarrolm2@dyndns.org,Male,13th Floor,,$178.00
85-059-2954,Raye,Aulton,raultonm3@phpbb.com,Female,PO Box 72644,Kwimbee,$77.17
66-072-7172,Sabine,Blanch,sblanchm4@gravatar.com,Female,Room 39,Gigabox,$159.62
31-775-7266,Roselle,,rjackwaysm5@tripod.com,Female,,Tagcat,$69.08
22-335-8558,Olly,Borge,oborgem6@telegraph.co.uk,,PO Box 28603,Tekfly,$86.20
80-431-3898,Bidget,Skone,bskonem7@alibaba.com,Female,,Riffpath,$125.97
38-969-6940,,Catlow,,,,Quimm,$157.77
33-208-5451,Madlin,Ginman,mginmanm9@google.com.hk,Female,,Cogidoo,$76.95
98-214-6284,Dorelle,Thibodeaux,,,14th Floor,Riffpedia,$148.23
05-044-1718,Ferrel,Godrich,fgodrichmb@tumblr.com,Male,,Jayo,$170.80
21-070-0651,Magnum,Sonner,msonnermc@360.cn,Male,,Photospace,$106.50
12-810-6873,Aldo,Ramalho,aramalhomd@mozilla.org,,,Kwilith,$176.90
51-948-9067,Ceil,Wimpey,cwimpeyme@nymag.com,,PO Box 62318,Realcube,$101.79
24-072-0596,Jo ann,Fisby,,Agender,19th Floor,,$111.61
51-241-2432,Torrie,Napoleon,tnapoleonmg@1688.com,Female,,Yombu,$76.67
08-078-6241,Dara,,ddanielotmh@posterous.com,,PO Box 95673,Yacero,$103.58
27-847-6508,Rorke,,rbellinmi@blogspot.com,,,Jazzy,$98.98
48-577-9307,Wally,Snartt,wsnarttmj@ca.gov,Female,Apt 1232,Ooba,$167.74
56-749-4617,Dill,Adamovitch,,,Room 473,Tagpad,$182.43
47-195-1488,Mar,Beevers,,Male,,JumpXS,$169.54
47-105-4889,Ingar,Clewlow,iclewlowmm@360.cn,Male,Apt 243,,$79.33
23-997-3149,Trueman,Godfrey,tgodfreymn@addtoany.com,Male,,BlogXS,$55.54
25-327-2024,Nathanil,Matthesius,,Male,Suite 98,Gigaclub,$106.26
92-176-4763,Hank,Astin,hastinmp@theglobeandmail.com,Bigender,Suite 82,DabZ,
81-996-0554,Gracie,Tranmer,gtranmermq@hexun.com,,Room 1073,Voolith,$74.99
87-447-3662,Annabal,Oxtiby,aoxtibymr@lulu.com,Female,,Yata,$53.65
55-796-5720,Andrej,,arowetms@earthlink.net,Male,Suite 36,Jaxbean,
40-580-7148,Dionis,Furmagier,dfurmagiermt@printfriendly.com,,,Muxo,$118.84
72-476-1560,Kristal,Jessard,kjessardmu@joomla.org,,Room 1223,Blogtags,$180.02
95-082-6222,Deana,Roughley,droughleymv@fotki.com,Female,,Rhyzio,$119.83
80-175-5173,Gregorius,Coke,gcokemw@xrea.com,Male,,Twitterbridge,$120.66
77-698-9220,Sandy,,sdyhousemx@github.io,Male,,Dabvine,$134.17
25-931-3675,Palm,Calley,,Male,Room 513,Avamm,$117.15
16-753-9619,Rodrigo,Edwin,redwinmz@springer.com,Male,20th Floor,Aivee,$69.10
30-643-5108,Eleni,Shaylor,,Female,PO Box 24538,Bubbletube,$109.17
99-014-9747,Lucien,,lstollenn1@narod.ru,Male,20th Floor,Edgewire,$124.13
51-758-9291,Fayth,Fiddiman,ffiddimann2@cdc.gov,Female,Suite 94,Brainlounge,$169.02
15-275-2731,Blondell,Balffye,,Female,,Yabox,$103.97
47-384-3869,Dar,,dchappelown4@businesswire.com,Male,Apt 1521,Wordpedia,$196.77
61-212-9355,Wilfrid,Pelman,wpelmann5@360.cn,,Apt 931,Gabtune,$182.19
42-298-7518,Meir,Chesterton,,Male,Suite 11,JumpXS,$46.14
62-687-7179,Norma,Barnby,nbarnbyn7@imageshack.us,,Room 1643,Skippad,$59.80
67-000-2159,Dael,Wooder,,,,Ozu,$46.96
74-671-9884,Nerta,,nbinleyn9@mashable.com,Female,,Browsecat,$195.46
33-335-5670,Anton,Osgerby,aosgerbyna@ameblo.jp,Male,,Demivee,$125.47
63-024-8408,Sharlene,Getsham,sgetshamnb@1und1.de,,,Realmix,$77.83
03-744-2200,Glori,,,Female,,,$174.14
31-399-3259,Thomasa,,tberkleynd@msu.edu,,2nd Floor,Jabbercube,$135.76
09-235-8766,Lindsay,Clelle,lclellene@army.mil,Male,,Voonte,$195.76
91-028-0918,Molli,,mwondrascheknf@desdev.cn,,,Kwimbee,$41.17
19-594-3703,,Isabell,fisabellng@narod.ru,Male,PO Box 76572,Jabbersphere,$26.76
11-141-1330,Annissa,Philcott,,Female,13th Floor,Muxo,$184.14
45-984-5692,Darn,Risen,drisenni@ca.gov,Polygender,,Agimba,
06-845-2777,Federico,Caldron,fcaldronnj@unesco.org,Male,5th Floor,Twitterbeat,
12-182-2707,Falkner,Kimmins,fkimminsnk@privacy.gov.au,Male,Suite 65,Jabbersphere,$29.63
34-262-0550,Danya,,,Female,,Livepath,$23.71
60-408-8361,Cathrin,Sebley,,Female,,Gabcube,
15-103-3363,Chic,Radsdale,cradsdalenn@edublogs.org,,,Viva,$138.97
32-060-8640,Dulci,Yielding,dyieldingno@eventbrite.com,,,Quinu,$43.05
50-656-4385,Patin,Craggs,pcraggsnp@ycombinator.com,Male,,Jaxspan,$117.76
12-376-2854,,Fransman,hfransmannq@creativecommons.org,Female,,Mynte,$162.29
98-315-6316,Damiano,Seathwright,dseathwrightnr@europa.eu,Male,,Kanoodle,$117.13
23-408-3755,Archambault,Glashby,aglashbyns@w3.org,Polygender,12th Floor,Feedfish,$182.20
99-518-6598,Jermaine,O'Sirin,josirinnt@mit.edu,Male,,Skiba,$129.74
43-372-3076,Devland,Calafate,dcalafatenu@amazon.de,Male,3rd Floor,Mydo,$78.16
99-868-4924,Samson,,schittynv@prlog.org,Male,Apt 1584,Flashdog,$170.98
89-104-8373,Edythe,Martonfi,,,,Kazio,$55.31
42-164-9862,Locke,Killerby,lkillerbynx@tamu.edu,,,,$137.38
39-353-8524,Claudine,Svanini,csvanininy@pen.io,Female,,Zava,$126.80
31-019-7365,Cullen,Munkley,cmunkleynz@xing.com,Male,,,$49.03
14-297-9041,,Gregan,rgregano0@apache.org,Male,,Fliptune,
29-315-7690,Lelia,Joseph,ljosepho1@sourceforge.net,Female,Suite 28,Fiveclub,$54.40
59-129-2167,Pegeen,Wenger,pwengero2@home.pl,Female,Room 835,Blogtags,$136.43
05-784-4659,Pru,Brickwood,pbrickwoodo3@craigslist.org,Female,Room 1954,Voomm,$191.21
90-834-2291,Keefer,,kpechano4@instagram.com,Male,,Eadel,$25.67
78-373-8254,Corney,Baxstare,,Male,Apt 41,Thoughtstorm,$148.09
03-975-2727,Veda,,vsapho6@dedecms.com,Female,,Devbug,$106.75
61-882-1484,Ellery,Benyon,ebenyono7@tripod.com,Male,Suite 45,Dabfeed,$45.42
74-428-8021,Leola,Haysman,lhaysmano8@meetup.com,Female,Suite 35,Mycat,$162.53
22-308-1362,Elvin,Yesipov,eyesipovo9@bizjournals.com,Male,,Snaptags,$163.42
48-802-1928,Valentino,,vsallingoa@skype.com,Male,13th Floor,Devshare,$90.35
10-985-7496,Brendan,Darrigone,bdarrigoneob@nymag.com,Male,PO Box 65731,Avamm,$196.38
71-685-4206,Hilly,Stallan,hstallanoc@typepad.com,Male,PO Box 80928,Pixoboo,$150.72
07-764-7629,Jackson,,jogelsbyod@intel.com,Male,Apt 888,,$160.10
99-340-0419,Roanna,Langlois,,,19th Floor,Twitterlist,$161.34
64-728-8242,Valerie,Pavlov,vpavlovof@oakley.com,Female,Suite 100,Wikido,$41.18
28-345-1232,Dave,,dmcilwrathog@virginia.edu,Male,,Trudoo,$47.38
43-985-1893,Cory,Overall,coveralloh@shinystat.com,Male,PO Box 40688,Gevee,$79.37
32-048-9639,Gothart,,garchambaultoi@reddit.com,,Apt 1855,Miboo,$143.96
33-385-8677,Maximilianus,,mzettleroj@topsy.com,Male,,Dazzlesphere,$102.46
13-456-5925,Isadore,,iwenmanok@patch.com,Male,8th Floor,Zoonder,$126.61
56-313-9150,Che,Arbuckle,carbuckleol@cisco.com,Male,,Ailane,$70.21
68-606-3893,,Goodee,,Female,16th Floor,Wordpedia,$31.67
79-617-3317,Agace,Venner,avenneron@gnu.org,Female,,Tazzy,$196.45
56-631-0804,Marielle,Valenta,mvalentaoo@sun.com,Female,Apt 662,Vipe,$51.42
26-880-3102,Khalil,Eley,keleyop@google.com.au,Male,,Blogpad,$159.56
12-069-2779,Caresse,Pleasaunce,cpleasaunceoq@hugedomains.com,,,Kimia,$97.82
22-052-4906,Aloise,Vassall,avassallor@unesco.org,Female,14th Floor,Voomm,$52.71
36-605-5681,Charlot,Coldwell,ccoldwellos@theglobeandmail.com,Genderqueer,,,$72.44
20-853-4161,Iorgo,,iscatesot@desdev.cn,,Suite 16,,$114.69
18-246-7089,,Exley,nexleyou@elpais.com,Male,PO Box 50152,Vipe,$123.70
10-147-2668,,Cadwaladr,dcadwaladrov@noaa.gov,Male,Room 1022,Fanoodle,$48.24
36-179-6590,Madelaine,Gadie,,Female,Suite 23,,
17-202-3015,Betta,,bmcmanamonox@rakuten.co.jp,,13th Floor,Abatz,$71.34
98-813-3901,,Trevon,htrevonoy@amazonaws.com,Male,Suite 83,Plajo,$100.44
33-344-8643,Dagny,Handrock,dhandrockoz@biglobe.ne.jp,Male,17th Floor,Browseblab,$150.15
78-426-0647,Cacilia,Schrei,cschreip0@123-reg.co.uk,Female,Room 1821,Kwideo,$80.23
35-174-4764,Dode,Pesselt,dpesseltp1@jimdo.com,Female,Suite 19,Flipbug,$122.53
53-103-9182,Clywd,Wilshaw,,,PO Box 97718,Buzzbean,$139.17
66-486-4595,Mallorie,Werner,mwernerp3@gizmodo.com,Female,,Rooxo,$136.10
66-595-2400,Morgen,Swaisland,,Male,,Skippad,$149.99
38-098-6565,Dulcy,Eminson,,,,,
41-997-6517,Alfi,Field,afieldp6@soundcloud.com,Female,,Youspan,$35.55
43-962-1138,Dukey,Ziemens,,Male,,,$182.07
50-822-0302,Vonni,Calan,vcalanp8@archive.org,Female,Suite 77,Roomm,$83.51
35-274-4049,,Konrad,ekonradp9@cdbaby.com,,,Thoughtmix,$73.19
26-383-4328,Peyton,,panderbruggepa@ameblo.jp,Polygender,,,
96-005-5063,Wallis,Koppes,wkoppespb@google.ru,Male,,Divape,$25.19
76-252-3528,Ernst,Bockler,ebocklerpc@tumblr.com,Male,Apt 1766,Snaptags,$186.96
85-489-4970,Ronalda,Ladbury,rladburypd@upenn.edu,Female,PO Box 92924,Mynte,$132.72
00-765-1379,Teressa,Spiby,tspibype@house.gov,Female,,Twitterbridge,$189.99
39-050-5741,Honoria,Dudeney,hdudeneypf@dedecms.com,Female,,Eire,$119.01
86-529-5724,Iggy,,ipargeterpg@arstechnica.com,Male,,Rhyloo,
85-734-3988,Silas,MacElane,smacelaneph@washington.edu,Genderqueer,,,$167.78
27-035-9299,Adelle,Assard,aassardpi@pcworld.com,Female,,Midel,$56.24
75-253-0880,,Losbie,blosbiepj@senate.gov,Male,,Dablist,$153.40
30-465-7588,Aviva,Hiers,ahierspk@google.cn,Female,,Voolith,$94.50
09-527-0830,Alyce,Myton,,,Room 374,Buzzshare,$24.87
03-629-8592,Etan,,egiovannardipm@jigsy.com,Non-binary,,Twitterwire,$57.61
82-151-5339,Kellen,Dunlop,kdunloppn@princeton.edu,Male,PO Box 74565,Oloo,$170.87
43-631-3148,Dolores,Ickovitz,,Female,PO Box 94327,Jabbersphere,$168.37
22-172-8495,Nertie,Girton,ngirtonpp@google.nl,Female,,Youopia,$51.18
44-772-3434,Adolph,Zouch,azouchpq@gizmodo.com,,,Aimbo,$192.59
87-392-1924,Sayre,Sipson,ssipsonpr@dedecms.com,Male,16th Floor,Dynabox,$96.28
82-730-8642,Zelda,Sorton,zsortonps@hud.gov,Female,Apt 1719,Quimba,$21.15
51-644-8791,Brianna,Deam,bdeampt@privacy.gov.au,,,Meevee,$158.79
56-545-4396,Brit,Farnish,bfarnishpu@storify.com,Male,,Bubblebox,$155.25
27-735-9530,Lane,Flatt,lflattpv@google.es,,,Gabtype,$91.46
08-141-8883,Ad,Kimberley,akimberleypw@macromedia.com,Male,PO Box 366,,$166.82
51-903-7879,Bobbette,Sisson,bsissonpx@issuu.com,,Suite 21,Brainsphere,$183.27
11-858-8923,Hewie,,hlongfieldpy@tmall.com,Male,19th Floor,,$89.89
27-262-7503,Grantham,Bowkley,gbowkleypz@networkadvertising.org,Male,11th Floor,Skiba,$51.26
06-688-0040,Celie,,cmckagueq0@people.com.cn,Female,,Riffpath,$181.02
83-533-8935,Jolee,Castelot,jcastelotq1@fema.gov,Female,Room 1969,Katz,$80.76
14-668-7137,Jessi,Tomasek,jtomasekq2@godaddy.com,Female,PO Box 41997,Eayo,$129.36
17-169-4146,Tedman,Dobrowolny,tdobrowolnyq3@ucoz.ru,Male,9th Floor,Yodo,$137.05
55-027-5829,Creigh,Waite,cwaiteq4@jigsy.com,Male,PO Box 99910,Yata,$136.43
63-357-1251,Megen,,mcliffeq5@free.fr,Female,,Flipstorm,$103.00
21-759-8018,Arch,Olland,aollandq6@mediafire.com,Male,,Demimbu,$143.10
17-004-1095,Randolf,Oakshott,roakshottq7@discovery.com,Male,,,$46.27
16-017-5184,Delinda,,dsplainq8@mail.ru,,,Rhyloo,$54.20
58-250-6074,Gabie,,gmiddleq9@yelp.com,Female,Apt 1800,Blogtag,$68.86
91-938-9423,Ives,,ibreenqa@harvard.edu,Male,,Viva,$189.13
14-968-9633,Chrystel,Dunleavy,cdunleavyqb@gov.uk,Female,,Skaboo,$150.66
73-381-5069,Berty,Taynton,btayntonqc@springer.com,Male,,,$65.75
42-112-7292,Hyacinthie,,,Female,Suite 73,Skilith,$60.98
76-598-8795,Jemmie,,jjindacekqe@nationalgeographic.com,Female,,Shufflester,
17-030-5932,Harvey,,hmatysiakqf@google.ru,Male,,,$149.94
04-128-8763,Elicia,Shewan,eshewanqg@nature.com,Female,,,$150.38
17-341-2912,Joelie,Bellson,jbellsonqh@cam.ac.uk,Genderqueer,PO Box 24567,Divape,$69.89
26-260-8749,Gayel,Poleykett,gpoleykettqi@sciencedaily.com,Female,,Quinu,$145.34
15-464-3895,Tobe,,tmcaughtryqj@about.com,Female,Room 1183,Devpulse,$135.02
32-777-7780,Justus,Johannesson,,Male,Apt 1131,Ntag,$110.23
51-851-9118,Debee,Street,dstreetql@is.gd,Female,Apt 1331,Twitternation,$75.02
45-878-1195,Leontyne,Ganford,lganfordqm@shop-pro.jp,,Apt 1136,Meeveo,$149.96
91-602-1700,Eulalie,Tennewell,etennewellqn@altervista.org,Genderqueer,Suite 9,Oyope,$90.06
29-933-7929,Thorin,Dilliway,tdilliwayqo@ehow.com,,Apt 659,Zoovu,$117.51
11-945-2584,Porty,Oleszcuk,poleszcukqp@pen.io,Male,,Youfeed,$137.48
75-909-2542,Cary,,charradqq@themeforest.net,Female,,InnoZ,$168.97
90-083-3731,Myra,Hannant,,Non-binary,PO Box 27295,Izio,$124.77
89-605-6417,Myrilla,,msideqs@parallels.com,,,,$22.27
62-076-5181,Jessie,Gopsell,jgopsellqt@techcrunch.com,Male,,Quatz,$77.34
15-739-4754,Merline,,mapthorpequ@storify.com,,Room 465,,$38.00
98-269-5097,Amitie,Cartwight,,Female,,Mydo,$135.75
01-857-0551,Cornelius,Ping,cpingqw@tamu.edu,Male,,,$167.91
94-259-9222,Oren,Clotworthy,oclotworthyqx@booking.com,Male,PO Box 79327,Tavu,$89.75
54-839-9419,Ker,Acklands,kacklandsqy@craigslist.org,Male,8th Floor,Rhybox,
60-696-4444,Coletta,Rankine,crankineqz@twitter.com,Female,Apt 1888,Gabtune,$54.76
93-584-0679,Darya,Coltherd,dcoltherdr0@patch.com,,,Fivebridge,$159.15
29-924-2567,Petronilla,,pkeysonr1@istockphoto.com,Female,Suite 42,Feedbug,$183.00
74-747-1432,Pearle,Fallow,pfallowr2@businesswire.com,Female,,Skibox,$60.55
50-854-4751,Barclay,Lucius,bluciusr3@github.io,Male,Room 139,Latz,$106.33
76-885-1548,Devland,Gilchriest,,Male,,Talane,$170.96
87-958-3341,Janessa,Keay,jkeayr5@mtv.com,Female,,Oba,$175.69
26-245-9136,,Rignold,brignoldr6@barnesandnoble.com,,PO Box 51277,Topicshots,$175.77
42-340-3081,Jessy,Rengger,jrenggerr7@jugem.jp,Female,Apt 1308,Twitterworks,$89.53
99-949-9793,Tabby,Eakley,,,,Divavu,$23.33
16-765-5255,Lucie,Saull,lsaullr9@vinaora.com,Female,Room 1585,Youopia,$61.41
56-122-4462,Ronny,Le Gassick,rlegassickra@1688.com,Polygender,19th Floor,,$88.10
75-110-2438,Hyacinthie,Wycliffe,hwyclifferb@harvard.edu,,,Quire,$118.91
51-291-5028,Benedicta,Gaffer,bgafferrc@networkadvertising.org,Genderfluid,Apt 550,Kazu,$93.87
49-875-2141,Edi,Meanwell,emeanwellrd@census.gov,Female,Room 916,Skinder,$58.05
35-988-9580,Diarmid,Eve,devere@seattletimes.com,Male,Room 1941,Demimbu,$179.51
02-197-7318,Adele,Hallad,ahalladrf@imgur.com,Female,,Zoomzone,$156.80
57-509-2853,Georgeanne,Mathwin,gmathwinrg@skyrock.com,Female,,Trilia,$74.74
83-619-7645,Mariquilla,Hunn,mhunnrh@digg.com,Female,,,$109.99
35-735-5437,Westbrook,Rawcliffe,wrawclifferi@opensource.org,Male,,Skalith,$29.75
64-754-7074,Skip,Ferriman,sferrimanrj@domainmarket.com,Male,Room 1314,Mybuzz,$194.41
21-851-8278,Janean,,,Female,,BlogXS,$102.24
84-803-5834,Clarissa,Tripony,ctriponyrl@hao123.com,Female,Suite 9,Wikibox,$68.56
93-909-3278,Cymbre,Johnigan,cjohniganrm@cornell.edu,Genderqueer,Room 1594,Kazio,$100.74
85-378-5561,Neala,Dell'Abbate,ndellabbatern@intel.com,Female,Room 1464,Dablist,$109.86
25-538-6010,Wyndham,Wimbury,wwimburyro@networkadvertising.org,,14th Floor,Eazzy,$189.35
05-824-3058,Nerty,Coch,,Female,Suite 11,Eidel,$91.13
05-059-7057,Torry,,tbewickrq@reddit.com,,7th Floor,Kaymbo,$105.43
12-258-7362,Maggee,Penhaleurack,mpenhaleurackrr@bluehost.com,,PO Box 15122,Tagcat,
